# Cylinder Resample 0.2 Maya 2024 example
# Units: centimeters. Axis: Y up. UV set: map1.

o Source24
g Source24
v -3.72 0 0
v -3.746577855 0 0.2018788552
v -3.824500185 0 0.39
v -3.948456711 0 0.5515432893
v -4.11 0 0.675499815
v -4.298121145 0 0.7534221445
v -4.5 0 0.78
v -4.701878855 0 0.7534221445
v -4.89 0 0.675499815
v -5.051543289 0 0.5515432893
v -5.175499815 0 0.39
v -5.253422145 0 0.2018788552
v -5.28 0 9.552245033e-17
v -5.253422145 0 -0.2018788552
v -5.175499815 0 -0.39
v -5.051543289 0 -0.5515432893
v -4.89 0 -0.675499815
v -4.701878855 0 -0.7534221445
v -4.5 0 -0.78
v -4.298121145 0 -0.7534221445
v -4.11 0 -0.675499815
v -3.948456711 0 -0.5515432893
v -3.824500185 0 -0.39
v -3.746577855 0 -0.2018788552
v -3.6 0.12 0
v -3.630666756 0.12 0.2329371406
v -3.720577137 0.12 0.45
v -3.863603897 0.12 0.6363961031
v -4.05 0.12 0.7794228634
v -4.267062859 0.12 0.8693332437
v -4.5 0.12 0.9
v -4.732937141 0.12 0.8693332437
v -4.95 0.12 0.7794228634
v -5.136396103 0.12 0.6363961031
v -5.279422863 0.12 0.45
v -5.369333244 0.12 0.2329371406
v -5.4 0.12 1.102182119e-16
v -5.369333244 0.12 -0.2329371406
v -5.279422863 0.12 -0.45
v -5.136396103 0.12 -0.6363961031
v -4.95 0.12 -0.7794228634
v -4.732937141 0.12 -0.8693332437
v -4.5 0.12 -0.9
v -4.267062859 0.12 -0.8693332437
v -4.05 0.12 -0.7794228634
v -3.863603897 0.12 -0.6363961031
v -3.720577137 0.12 -0.45
v -3.630666756 0.12 -0.2329371406
v -3.6 0.28 0
v -3.630666756 0.28 0.2329371406
v -3.720577137 0.28 0.45
v -3.863603897 0.28 0.6363961031
v -4.05 0.28 0.7794228634
v -4.267062859 0.28 0.8693332437
v -4.5 0.28 0.9
v -4.732937141 0.28 0.8693332437
v -4.95 0.28 0.7794228634
v -5.136396103 0.28 0.6363961031
v -5.279422863 0.28 0.45
v -5.369333244 0.28 0.2329371406
v -5.4 0.28 1.102182119e-16
v -5.369333244 0.28 -0.2329371406
v -5.279422863 0.28 -0.45
v -5.136396103 0.28 -0.6363961031
v -4.95 0.28 -0.7794228634
v -4.732937141 0.28 -0.8693332437
v -4.5 0.28 -0.9
v -4.267062859 0.28 -0.8693332437
v -4.05 0.28 -0.7794228634
v -3.863603897 0.28 -0.6363961031
v -3.720577137 0.28 -0.45
v -3.630666756 0.28 -0.2329371406
v -3.6 0.72 0
v -3.630666756 0.72 0.2329371406
v -3.720577137 0.72 0.45
v -3.863603897 0.72 0.6363961031
v -4.05 0.72 0.7794228634
v -4.267062859 0.72 0.8693332437
v -4.5 0.72 0.9
v -4.732937141 0.72 0.8693332437
v -4.95 0.72 0.7794228634
v -5.136396103 0.72 0.6363961031
v -5.279422863 0.72 0.45
v -5.369333244 0.72 0.2329371406
v -5.4 0.72 1.102182119e-16
v -5.369333244 0.72 -0.2329371406
v -5.279422863 0.72 -0.45
v -5.136396103 0.72 -0.6363961031
v -4.95 0.72 -0.7794228634
v -4.732937141 0.72 -0.8693332437
v -4.5 0.72 -0.9
v -4.267062859 0.72 -0.8693332437
v -4.05 0.72 -0.7794228634
v -3.863603897 0.72 -0.6363961031
v -3.720577137 0.72 -0.45
v -3.630666756 0.72 -0.2329371406
v -3.72 0.76 0
v -3.746577855 0.76 0.2018788552
v -3.824500185 0.76 0.39
v -3.948456711 0.76 0.5515432893
v -4.11 0.76 0.675499815
v -4.298121145 0.76 0.7534221445
v -4.5 0.76 0.78
v -4.701878855 0.76 0.7534221445
v -4.89 0.76 0.675499815
v -5.051543289 0.76 0.5515432893
v -5.175499815 0.76 0.39
v -5.253422145 0.76 0.2018788552
v -5.28 0.76 9.552245033e-17
v -5.253422145 0.76 -0.2018788552
v -5.175499815 0.76 -0.39
v -5.051543289 0.76 -0.5515432893
v -4.89 0.76 -0.675499815
v -4.701878855 0.76 -0.7534221445
v -4.5 0.76 -0.78
v -4.298121145 0.76 -0.7534221445
v -4.11 0.76 -0.675499815
v -3.948456711 0.76 -0.5515432893
v -3.824500185 0.76 -0.39
v -3.746577855 0.76 -0.2018788552
v -3.72 0.84 0
v -3.746577855 0.84 0.2018788552
v -3.824500185 0.84 0.39
v -3.948456711 0.84 0.5515432893
v -4.11 0.84 0.675499815
v -4.298121145 0.84 0.7534221445
v -4.5 0.84 0.78
v -4.701878855 0.84 0.7534221445
v -4.89 0.84 0.675499815
v -5.051543289 0.84 0.5515432893
v -5.175499815 0.84 0.39
v -5.253422145 0.84 0.2018788552
v -5.28 0.84 9.552245033e-17
v -5.253422145 0.84 -0.2018788552
v -5.175499815 0.84 -0.39
v -5.051543289 0.84 -0.5515432893
v -4.89 0.84 -0.675499815
v -4.701878855 0.84 -0.7534221445
v -4.5 0.84 -0.78
v -4.298121145 0.84 -0.7534221445
v -4.11 0.84 -0.675499815
v -3.948456711 0.84 -0.5515432893
v -3.824500185 0.84 -0.39
v -3.746577855 0.84 -0.2018788552
v -3.6 0.88 0
v -3.630666756 0.88 0.2329371406
v -3.720577137 0.88 0.45
v -3.863603897 0.88 0.6363961031
v -4.05 0.88 0.7794228634
v -4.267062859 0.88 0.8693332437
v -4.5 0.88 0.9
v -4.732937141 0.88 0.8693332437
v -4.95 0.88 0.7794228634
v -5.136396103 0.88 0.6363961031
v -5.279422863 0.88 0.45
v -5.369333244 0.88 0.2329371406
v -5.4 0.88 1.102182119e-16
v -5.369333244 0.88 -0.2329371406
v -5.279422863 0.88 -0.45
v -5.136396103 0.88 -0.6363961031
v -4.95 0.88 -0.7794228634
v -4.732937141 0.88 -0.8693332437
v -4.5 0.88 -0.9
v -4.267062859 0.88 -0.8693332437
v -4.05 0.88 -0.7794228634
v -3.863603897 0.88 -0.6363961031
v -3.720577137 0.88 -0.45
v -3.630666756 0.88 -0.2329371406
v -3.6 1.3 0
v -3.630666756 1.3 0.2329371406
v -3.720577137 1.3 0.45
v -3.863603897 1.3 0.6363961031
v -4.05 1.3 0.7794228634
v -4.267062859 1.3 0.8693332437
v -4.5 1.3 0.9
v -4.732937141 1.3 0.8693332437
v -4.95 1.3 0.7794228634
v -5.136396103 1.3 0.6363961031
v -5.279422863 1.3 0.45
v -5.369333244 1.3 0.2329371406
v -5.4 1.3 1.102182119e-16
v -5.369333244 1.3 -0.2329371406
v -5.279422863 1.3 -0.45
v -5.136396103 1.3 -0.6363961031
v -4.95 1.3 -0.7794228634
v -4.732937141 1.3 -0.8693332437
v -4.5 1.3 -0.9
v -4.267062859 1.3 -0.8693332437
v -4.05 1.3 -0.7794228634
v -3.863603897 1.3 -0.6363961031
v -3.720577137 1.3 -0.45
v -3.630666756 1.3 -0.2329371406
v -3.78 1.3 0
v -3.804533405 1.3 0.1863497125
v -3.876461709 1.3 0.36
v -3.990883118 1.3 0.5091168825
v -4.14 1.3 0.6235382907
v -4.313650288 1.3 0.6954665949
v -4.5 1.3 0.72
v -4.686349712 1.3 0.6954665949
v -4.86 1.3 0.6235382907
v -5.009116882 1.3 0.5091168825
v -5.123538291 1.3 0.36
v -5.195466595 1.3 0.1863497125
v -5.22 1.3 8.817456954e-17
v -5.195466595 1.3 -0.1863497125
v -5.123538291 1.3 -0.36
v -5.009116882 1.3 -0.5091168825
v -4.86 1.3 -0.6235382907
v -4.686349712 1.3 -0.6954665949
v -4.5 1.3 -0.72
v -4.313650288 1.3 -0.6954665949
v -4.14 1.3 -0.6235382907
v -3.990883118 1.3 -0.5091168825
v -3.876461709 1.3 -0.36
v -3.804533405 1.3 -0.1863497125
v -3.78 1.65 0
v -3.804533405 1.65 0.1863497125
v -3.876461709 1.65 0.36
v -3.990883118 1.65 0.5091168825
v -4.14 1.65 0.6235382907
v -4.313650288 1.65 0.6954665949
v -4.5 1.65 0.72
v -4.686349712 1.65 0.6954665949
v -4.86 1.65 0.6235382907
v -5.009116882 1.65 0.5091168825
v -5.123538291 1.65 0.36
v -5.195466595 1.65 0.1863497125
v -5.22 1.65 8.817456954e-17
v -5.195466595 1.65 -0.1863497125
v -5.123538291 1.65 -0.36
v -5.009116882 1.65 -0.5091168825
v -4.86 1.65 -0.6235382907
v -4.686349712 1.65 -0.6954665949
v -4.5 1.65 -0.72
v -4.313650288 1.65 -0.6954665949
v -4.14 1.65 -0.6235382907
v -3.990883118 1.65 -0.5091168825
v -3.876461709 1.65 -0.36
v -3.804533405 1.65 -0.1863497125
v -3.66 1.65 0
v -3.688622306 1.65 0.2174079979
v -3.772538661 1.65 0.42
v -3.906030304 1.65 0.5939696962
v -4.08 1.65 0.7274613392
v -4.282592002 1.65 0.8113776941
v -4.5 1.65 0.84
v -4.717407998 1.65 0.8113776941
v -4.92 1.65 0.7274613392
v -5.093969696 1.65 0.5939696962
v -5.227461339 1.65 0.42
v -5.311377694 1.65 0.2174079979
v -5.34 1.65 1.028703311e-16
v -5.311377694 1.65 -0.2174079979
v -5.227461339 1.65 -0.42
v -5.093969696 1.65 -0.5939696962
v -4.92 1.65 -0.7274613392
v -4.717407998 1.65 -0.8113776941
v -4.5 1.65 -0.84
v -4.282592002 1.65 -0.8113776941
v -4.08 1.65 -0.7274613392
v -3.906030304 1.65 -0.5939696962
v -3.772538661 1.65 -0.42
v -3.688622306 1.65 -0.2174079979
v -3.66 1.98 0
v -3.688622306 1.98 0.2174079979
v -3.772538661 1.98 0.42
v -3.906030304 1.98 0.5939696962
v -4.08 1.98 0.7274613392
v -4.282592002 1.98 0.8113776941
v -4.5 1.98 0.84
v -4.717407998 1.98 0.8113776941
v -4.92 1.98 0.7274613392
v -5.093969696 1.98 0.5939696962
v -5.227461339 1.98 0.42
v -5.311377694 1.98 0.2174079979
v -5.34 1.98 1.028703311e-16
v -5.311377694 1.98 -0.2174079979
v -5.227461339 1.98 -0.42
v -5.093969696 1.98 -0.5939696962
v -4.92 1.98 -0.7274613392
v -4.717407998 1.98 -0.8113776941
v -4.5 1.98 -0.84
v -4.282592002 1.98 -0.8113776941
v -4.08 1.98 -0.7274613392
v -3.906030304 1.98 -0.5939696962
v -3.772538661 1.98 -0.42
v -3.688622306 1.98 -0.2174079979
v -3.74 2.08 0
v -3.765896372 2.08 0.1967024743
v -3.841820693 2.08 0.38
v -3.962598846 2.08 0.5374011537
v -4.12 2.08 0.6581793069
v -4.303297526 2.08 0.734103628
v -4.5 2.08 0.76
v -4.696702474 2.08 0.734103628
v -4.88 2.08 0.6581793069
v -5.037401154 2.08 0.5374011537
v -5.158179307 2.08 0.38
v -5.234103628 2.08 0.1967024743
v -5.26 2.08 9.307315674e-17
v -5.234103628 2.08 -0.1967024743
v -5.158179307 2.08 -0.38
v -5.037401154 2.08 -0.5374011537
v -4.88 2.08 -0.6581793069
v -4.696702474 2.08 -0.734103628
v -4.5 2.08 -0.76
v -4.303297526 2.08 -0.734103628
v -4.12 2.08 -0.6581793069
v -3.962598846 2.08 -0.5374011537
v -3.841820693 2.08 -0.38
v -3.765896372 2.08 -0.1967024743
vt 0.02 0.02
vt 0.045 0.02
vt 0.07 0.02
vt 0.095 0.02
vt 0.12 0.02
vt 0.145 0.02
vt 0.17 0.02
vt 0.195 0.02
vt 0.22 0.02
vt 0.245 0.02
vt 0.27 0.02
vt 0.295 0.02
vt 0.32 0.02
vt 0.345 0.02
vt 0.37 0.02
vt 0.395 0.02
vt 0.42 0.02
vt 0.445 0.02
vt 0.47 0.02
vt 0.495 0.02
vt 0.52 0.02
vt 0.545 0.02
vt 0.57 0.02
vt 0.595 0.02
vt 0.62 0.02
vt 0.02 0.08128302811
vt 0.045 0.08128302811
vt 0.07 0.08128302811
vt 0.095 0.08128302811
vt 0.12 0.08128302811
vt 0.145 0.08128302811
vt 0.17 0.08128302811
vt 0.195 0.08128302811
vt 0.22 0.08128302811
vt 0.245 0.08128302811
vt 0.27 0.08128302811
vt 0.295 0.08128302811
vt 0.32 0.08128302811
vt 0.345 0.08128302811
vt 0.37 0.08128302811
vt 0.395 0.08128302811
vt 0.42 0.08128302811
vt 0.445 0.08128302811
vt 0.47 0.08128302811
vt 0.495 0.08128302811
vt 0.52 0.08128302811
vt 0.545 0.08128302811
vt 0.57 0.08128302811
vt 0.595 0.08128302811
vt 0.62 0.08128302811
vt 0.02 0.1390612211
vt 0.045 0.1390612211
vt 0.07 0.1390612211
vt 0.095 0.1390612211
vt 0.12 0.1390612211
vt 0.145 0.1390612211
vt 0.17 0.1390612211
vt 0.195 0.1390612211
vt 0.22 0.1390612211
vt 0.245 0.1390612211
vt 0.27 0.1390612211
vt 0.295 0.1390612211
vt 0.32 0.1390612211
vt 0.345 0.1390612211
vt 0.37 0.1390612211
vt 0.395 0.1390612211
vt 0.42 0.1390612211
vt 0.445 0.1390612211
vt 0.47 0.1390612211
vt 0.495 0.1390612211
vt 0.52 0.1390612211
vt 0.545 0.1390612211
vt 0.57 0.1390612211
vt 0.595 0.1390612211
vt 0.62 0.1390612211
vt 0.02 0.2979512518
vt 0.045 0.2979512518
vt 0.07 0.2979512518
vt 0.095 0.2979512518
vt 0.12 0.2979512518
vt 0.145 0.2979512518
vt 0.17 0.2979512518
vt 0.195 0.2979512518
vt 0.22 0.2979512518
vt 0.245 0.2979512518
vt 0.27 0.2979512518
vt 0.295 0.2979512518
vt 0.32 0.2979512518
vt 0.345 0.2979512518
vt 0.37 0.2979512518
vt 0.395 0.2979512518
vt 0.42 0.2979512518
vt 0.445 0.2979512518
vt 0.47 0.2979512518
vt 0.495 0.2979512518
vt 0.52 0.2979512518
vt 0.545 0.2979512518
vt 0.57 0.2979512518
vt 0.595 0.2979512518
vt 0.62 0.2979512518
vt 0.02 0.3436289241
vt 0.045 0.3436289241
vt 0.07 0.3436289241
vt 0.095 0.3436289241
vt 0.12 0.3436289241
vt 0.145 0.3436289241
vt 0.17 0.3436289241
vt 0.195 0.3436289241
vt 0.22 0.3436289241
vt 0.245 0.3436289241
vt 0.27 0.3436289241
vt 0.295 0.3436289241
vt 0.32 0.3436289241
vt 0.345 0.3436289241
vt 0.37 0.3436289241
vt 0.395 0.3436289241
vt 0.42 0.3436289241
vt 0.445 0.3436289241
vt 0.47 0.3436289241
vt 0.495 0.3436289241
vt 0.52 0.3436289241
vt 0.545 0.3436289241
vt 0.57 0.3436289241
vt 0.595 0.3436289241
vt 0.62 0.3436289241
vt 0.02 0.3725180206
vt 0.045 0.3725180206
vt 0.07 0.3725180206
vt 0.095 0.3725180206
vt 0.12 0.3725180206
vt 0.145 0.3725180206
vt 0.17 0.3725180206
vt 0.195 0.3725180206
vt 0.22 0.3725180206
vt 0.245 0.3725180206
vt 0.27 0.3725180206
vt 0.295 0.3725180206
vt 0.32 0.3725180206
vt 0.345 0.3725180206
vt 0.37 0.3725180206
vt 0.395 0.3725180206
vt 0.42 0.3725180206
vt 0.445 0.3725180206
vt 0.47 0.3725180206
vt 0.495 0.3725180206
vt 0.52 0.3725180206
vt 0.545 0.3725180206
vt 0.57 0.3725180206
vt 0.595 0.3725180206
vt 0.62 0.3725180206
vt 0.02 0.4181956928
vt 0.045 0.4181956928
vt 0.07 0.4181956928
vt 0.095 0.4181956928
vt 0.12 0.4181956928
vt 0.145 0.4181956928
vt 0.17 0.4181956928
vt 0.195 0.4181956928
vt 0.22 0.4181956928
vt 0.245 0.4181956928
vt 0.27 0.4181956928
vt 0.295 0.4181956928
vt 0.32 0.4181956928
vt 0.345 0.4181956928
vt 0.37 0.4181956928
vt 0.395 0.4181956928
vt 0.42 0.4181956928
vt 0.445 0.4181956928
vt 0.47 0.4181956928
vt 0.495 0.4181956928
vt 0.52 0.4181956928
vt 0.545 0.4181956928
vt 0.57 0.4181956928
vt 0.595 0.4181956928
vt 0.62 0.4181956928
vt 0.02 0.5698634494
vt 0.045 0.5698634494
vt 0.07 0.5698634494
vt 0.095 0.5698634494
vt 0.12 0.5698634494
vt 0.145 0.5698634494
vt 0.17 0.5698634494
vt 0.195 0.5698634494
vt 0.22 0.5698634494
vt 0.245 0.5698634494
vt 0.27 0.5698634494
vt 0.295 0.5698634494
vt 0.32 0.5698634494
vt 0.345 0.5698634494
vt 0.37 0.5698634494
vt 0.395 0.5698634494
vt 0.42 0.5698634494
vt 0.445 0.5698634494
vt 0.47 0.5698634494
vt 0.495 0.5698634494
vt 0.52 0.5698634494
vt 0.545 0.5698634494
vt 0.57 0.5698634494
vt 0.595 0.5698634494
vt 0.62 0.5698634494
vt 0.02 0.6348639165
vt 0.045 0.6348639165
vt 0.07 0.6348639165
vt 0.095 0.6348639165
vt 0.12 0.6348639165
vt 0.145 0.6348639165
vt 0.17 0.6348639165
vt 0.195 0.6348639165
vt 0.22 0.6348639165
vt 0.245 0.6348639165
vt 0.27 0.6348639165
vt 0.295 0.6348639165
vt 0.32 0.6348639165
vt 0.345 0.6348639165
vt 0.37 0.6348639165
vt 0.395 0.6348639165
vt 0.42 0.6348639165
vt 0.445 0.6348639165
vt 0.47 0.6348639165
vt 0.495 0.6348639165
vt 0.52 0.6348639165
vt 0.545 0.6348639165
vt 0.57 0.6348639165
vt 0.595 0.6348639165
vt 0.62 0.6348639165
vt 0.02 0.7612537137
vt 0.045 0.7612537137
vt 0.07 0.7612537137
vt 0.095 0.7612537137
vt 0.12 0.7612537137
vt 0.145 0.7612537137
vt 0.17 0.7612537137
vt 0.195 0.7612537137
vt 0.22 0.7612537137
vt 0.245 0.7612537137
vt 0.27 0.7612537137
vt 0.295 0.7612537137
vt 0.32 0.7612537137
vt 0.345 0.7612537137
vt 0.37 0.7612537137
vt 0.395 0.7612537137
vt 0.42 0.7612537137
vt 0.445 0.7612537137
vt 0.47 0.7612537137
vt 0.495 0.7612537137
vt 0.52 0.7612537137
vt 0.545 0.7612537137
vt 0.57 0.7612537137
vt 0.595 0.7612537137
vt 0.62 0.7612537137
vt 0.02 0.8045873585
vt 0.045 0.8045873585
vt 0.07 0.8045873585
vt 0.095 0.8045873585
vt 0.12 0.8045873585
vt 0.145 0.8045873585
vt 0.17 0.8045873585
vt 0.195 0.8045873585
vt 0.22 0.8045873585
vt 0.245 0.8045873585
vt 0.27 0.8045873585
vt 0.295 0.8045873585
vt 0.32 0.8045873585
vt 0.345 0.8045873585
vt 0.37 0.8045873585
vt 0.395 0.8045873585
vt 0.42 0.8045873585
vt 0.445 0.8045873585
vt 0.47 0.8045873585
vt 0.495 0.8045873585
vt 0.52 0.8045873585
vt 0.545 0.8045873585
vt 0.57 0.8045873585
vt 0.595 0.8045873585
vt 0.62 0.8045873585
vt 0.02 0.9237548815
vt 0.045 0.9237548815
vt 0.07 0.9237548815
vt 0.095 0.9237548815
vt 0.12 0.9237548815
vt 0.145 0.9237548815
vt 0.17 0.9237548815
vt 0.195 0.9237548815
vt 0.22 0.9237548815
vt 0.245 0.9237548815
vt 0.27 0.9237548815
vt 0.295 0.9237548815
vt 0.32 0.9237548815
vt 0.345 0.9237548815
vt 0.37 0.9237548815
vt 0.395 0.9237548815
vt 0.42 0.9237548815
vt 0.445 0.9237548815
vt 0.47 0.9237548815
vt 0.495 0.9237548815
vt 0.52 0.9237548815
vt 0.545 0.9237548815
vt 0.57 0.9237548815
vt 0.595 0.9237548815
vt 0.62 0.9237548815
vt 0.02 0.97
vt 0.045 0.97
vt 0.07 0.97
vt 0.095 0.97
vt 0.12 0.97
vt 0.145 0.97
vt 0.17 0.97
vt 0.195 0.97
vt 0.22 0.97
vt 0.245 0.97
vt 0.27 0.97
vt 0.295 0.97
vt 0.32 0.97
vt 0.345 0.97
vt 0.37 0.97
vt 0.395 0.97
vt 0.42 0.97
vt 0.445 0.97
vt 0.47 0.97
vt 0.495 0.97
vt 0.52 0.97
vt 0.545 0.97
vt 0.57 0.97
vt 0.595 0.97
vt 0.62 0.97
vt 0.96 0.25
vt 0.9548888739 0.2888228568
vt 0.9399038106 0.325
vt 0.9160660172 0.3560660172
vt 0.885 0.3799038106
vt 0.8488228568 0.3948888739
vt 0.81 0.4
vt 0.7711771432 0.3948888739
vt 0.735 0.3799038106
vt 0.7039339828 0.3560660172
vt 0.6800961894 0.325
vt 0.6651111261 0.2888228568
vt 0.66 0.25
vt 0.6651111261 0.2111771432
vt 0.6800961894 0.175
vt 0.7039339828 0.1439339828
vt 0.735 0.1200961894
vt 0.7711771432 0.1051111261
vt 0.81 0.1
vt 0.8488228568 0.1051111261
vt 0.885 0.1200961894
vt 0.9160660172 0.1439339828
vt 0.9399038106 0.175
vt 0.9548888739 0.2111771432
vt 0.96 0.73
vt 0.9548888739 0.7688228568
vt 0.9399038106 0.805
vt 0.9160660172 0.8360660172
vt 0.885 0.8599038106
vt 0.8488228568 0.8748888739
vt 0.81 0.88
vt 0.7711771432 0.8748888739
vt 0.735 0.8599038106
vt 0.7039339828 0.8360660172
vt 0.6800961894 0.805
vt 0.6651111261 0.7688228568
vt 0.66 0.73
vt 0.6651111261 0.6911771432
vt 0.6800961894 0.655
vt 0.7039339828 0.6239339828
vt 0.735 0.6000961894
vt 0.7711771432 0.5851111261
vt 0.81 0.58
vt 0.8488228568 0.5851111261
vt 0.885 0.6000961894
vt 0.9160660172 0.6239339828
vt 0.9399038106 0.655
vt 0.9548888739 0.6911771432
s 1
f 1/1 25/26 26/27 2/2
f 2/2 26/27 27/28 3/3
f 3/3 27/28 28/29 4/4
f 4/4 28/29 29/30 5/5
f 5/5 29/30 30/31 6/6
f 6/6 30/31 31/32 7/7
f 7/7 31/32 32/33 8/8
f 8/8 32/33 33/34 9/9
f 9/9 33/34 34/35 10/10
f 10/10 34/35 35/36 11/11
f 11/11 35/36 36/37 12/12
f 12/12 36/37 37/38 13/13
f 13/13 37/38 38/39 14/14
f 14/14 38/39 39/40 15/15
f 15/15 39/40 40/41 16/16
f 16/16 40/41 41/42 17/17
f 17/17 41/42 42/43 18/18
f 18/18 42/43 43/44 19/19
f 19/19 43/44 44/45 20/20
f 20/20 44/45 45/46 21/21
f 21/21 45/46 46/47 22/22
f 22/22 46/47 47/48 23/23
f 23/23 47/48 48/49 24/24
f 24/24 48/49 25/50 1/25
f 25/26 49/51 50/52 26/27
f 26/27 50/52 51/53 27/28
f 27/28 51/53 52/54 28/29
f 28/29 52/54 53/55 29/30
f 29/30 53/55 54/56 30/31
f 30/31 54/56 55/57 31/32
f 31/32 55/57 56/58 32/33
f 32/33 56/58 57/59 33/34
f 33/34 57/59 58/60 34/35
f 34/35 58/60 59/61 35/36
f 35/36 59/61 60/62 36/37
f 36/37 60/62 61/63 37/38
f 37/38 61/63 62/64 38/39
f 38/39 62/64 63/65 39/40
f 39/40 63/65 64/66 40/41
f 40/41 64/66 65/67 41/42
f 41/42 65/67 66/68 42/43
f 42/43 66/68 67/69 43/44
f 43/44 67/69 68/70 44/45
f 44/45 68/70 69/71 45/46
f 45/46 69/71 70/72 46/47
f 46/47 70/72 71/73 47/48
f 47/48 71/73 72/74 48/49
f 48/49 72/74 49/75 25/50
f 49/51 73/76 74/77 50/52
f 50/52 74/77 75/78 51/53
f 51/53 75/78 76/79 52/54
f 52/54 76/79 77/80 53/55
f 53/55 77/80 78/81 54/56
f 54/56 78/81 79/82 55/57
f 55/57 79/82 80/83 56/58
f 56/58 80/83 81/84 57/59
f 57/59 81/84 82/85 58/60
f 58/60 82/85 83/86 59/61
f 59/61 83/86 84/87 60/62
f 60/62 84/87 85/88 61/63
f 61/63 85/88 86/89 62/64
f 62/64 86/89 87/90 63/65
f 63/65 87/90 88/91 64/66
f 64/66 88/91 89/92 65/67
f 65/67 89/92 90/93 66/68
f 66/68 90/93 91/94 67/69
f 67/69 91/94 92/95 68/70
f 68/70 92/95 93/96 69/71
f 69/71 93/96 94/97 70/72
f 70/72 94/97 95/98 71/73
f 71/73 95/98 96/99 72/74
f 72/74 96/99 73/100 49/75
f 73/76 97/101 98/102 74/77
f 74/77 98/102 99/103 75/78
f 75/78 99/103 100/104 76/79
f 76/79 100/104 101/105 77/80
f 77/80 101/105 102/106 78/81
f 78/81 102/106 103/107 79/82
f 79/82 103/107 104/108 80/83
f 80/83 104/108 105/109 81/84
f 81/84 105/109 106/110 82/85
f 82/85 106/110 107/111 83/86
f 83/86 107/111 108/112 84/87
f 84/87 108/112 109/113 85/88
f 85/88 109/113 110/114 86/89
f 86/89 110/114 111/115 87/90
f 87/90 111/115 112/116 88/91
f 88/91 112/116 113/117 89/92
f 89/92 113/117 114/118 90/93
f 90/93 114/118 115/119 91/94
f 91/94 115/119 116/120 92/95
f 92/95 116/120 117/121 93/96
f 93/96 117/121 118/122 94/97
f 94/97 118/122 119/123 95/98
f 95/98 119/123 120/124 96/99
f 96/99 120/124 97/125 73/100
f 97/101 121/126 122/127 98/102
f 98/102 122/127 123/128 99/103
f 99/103 123/128 124/129 100/104
f 100/104 124/129 125/130 101/105
f 101/105 125/130 126/131 102/106
f 102/106 126/131 127/132 103/107
f 103/107 127/132 128/133 104/108
f 104/108 128/133 129/134 105/109
f 105/109 129/134 130/135 106/110
f 106/110 130/135 131/136 107/111
f 107/111 131/136 132/137 108/112
f 108/112 132/137 133/138 109/113
f 109/113 133/138 134/139 110/114
f 110/114 134/139 135/140 111/115
f 111/115 135/140 136/141 112/116
f 112/116 136/141 137/142 113/117
f 113/117 137/142 138/143 114/118
f 114/118 138/143 139/144 115/119
f 115/119 139/144 140/145 116/120
f 116/120 140/145 141/146 117/121
f 117/121 141/146 142/147 118/122
f 118/122 142/147 143/148 119/123
f 119/123 143/148 144/149 120/124
f 120/124 144/149 121/150 97/125
f 121/126 145/151 146/152 122/127
f 122/127 146/152 147/153 123/128
f 123/128 147/153 148/154 124/129
f 124/129 148/154 149/155 125/130
f 125/130 149/155 150/156 126/131
f 126/131 150/156 151/157 127/132
f 127/132 151/157 152/158 128/133
f 128/133 152/158 153/159 129/134
f 129/134 153/159 154/160 130/135
f 130/135 154/160 155/161 131/136
f 131/136 155/161 156/162 132/137
f 132/137 156/162 157/163 133/138
f 133/138 157/163 158/164 134/139
f 134/139 158/164 159/165 135/140
f 135/140 159/165 160/166 136/141
f 136/141 160/166 161/167 137/142
f 137/142 161/167 162/168 138/143
f 138/143 162/168 163/169 139/144
f 139/144 163/169 164/170 140/145
f 140/145 164/170 165/171 141/146
f 141/146 165/171 166/172 142/147
f 142/147 166/172 167/173 143/148
f 143/148 167/173 168/174 144/149
f 144/149 168/174 145/175 121/150
f 145/151 169/176 170/177 146/152
f 146/152 170/177 171/178 147/153
f 147/153 171/178 172/179 148/154
f 148/154 172/179 173/180 149/155
f 149/155 173/180 174/181 150/156
f 150/156 174/181 175/182 151/157
f 151/157 175/182 176/183 152/158
f 152/158 176/183 177/184 153/159
f 153/159 177/184 178/185 154/160
f 154/160 178/185 179/186 155/161
f 155/161 179/186 180/187 156/162
f 156/162 180/187 181/188 157/163
f 157/163 181/188 182/189 158/164
f 158/164 182/189 183/190 159/165
f 159/165 183/190 184/191 160/166
f 160/166 184/191 185/192 161/167
f 161/167 185/192 186/193 162/168
f 162/168 186/193 187/194 163/169
f 163/169 187/194 188/195 164/170
f 164/170 188/195 189/196 165/171
f 165/171 189/196 190/197 166/172
f 166/172 190/197 191/198 167/173
f 167/173 191/198 192/199 168/174
f 168/174 192/199 169/200 145/175
f 169/176 193/201 194/202 170/177
f 170/177 194/202 195/203 171/178
f 171/178 195/203 196/204 172/179
f 172/179 196/204 197/205 173/180
f 173/180 197/205 198/206 174/181
f 174/181 198/206 199/207 175/182
f 175/182 199/207 200/208 176/183
f 176/183 200/208 201/209 177/184
f 177/184 201/209 202/210 178/185
f 178/185 202/210 203/211 179/186
f 179/186 203/211 204/212 180/187
f 180/187 204/212 205/213 181/188
f 181/188 205/213 206/214 182/189
f 182/189 206/214 207/215 183/190
f 183/190 207/215 208/216 184/191
f 184/191 208/216 209/217 185/192
f 185/192 209/217 210/218 186/193
f 186/193 210/218 211/219 187/194
f 187/194 211/219 212/220 188/195
f 188/195 212/220 213/221 189/196
f 189/196 213/221 214/222 190/197
f 190/197 214/222 215/223 191/198
f 191/198 215/223 216/224 192/199
f 192/199 216/224 193/225 169/200
f 193/201 217/226 218/227 194/202
f 194/202 218/227 219/228 195/203
f 195/203 219/228 220/229 196/204
f 196/204 220/229 221/230 197/205
f 197/205 221/230 222/231 198/206
f 198/206 222/231 223/232 199/207
f 199/207 223/232 224/233 200/208
f 200/208 224/233 225/234 201/209
f 201/209 225/234 226/235 202/210
f 202/210 226/235 227/236 203/211
f 203/211 227/236 228/237 204/212
f 204/212 228/237 229/238 205/213
f 205/213 229/238 230/239 206/214
f 206/214 230/239 231/240 207/215
f 207/215 231/240 232/241 208/216
f 208/216 232/241 233/242 209/217
f 209/217 233/242 234/243 210/218
f 210/218 234/243 235/244 211/219
f 211/219 235/244 236/245 212/220
f 212/220 236/245 237/246 213/221
f 213/221 237/246 238/247 214/222
f 214/222 238/247 239/248 215/223
f 215/223 239/248 240/249 216/224
f 216/224 240/249 217/250 193/225
f 217/226 241/251 242/252 218/227
f 218/227 242/252 243/253 219/228
f 219/228 243/253 244/254 220/229
f 220/229 244/254 245/255 221/230
f 221/230 245/255 246/256 222/231
f 222/231 246/256 247/257 223/232
f 223/232 247/257 248/258 224/233
f 224/233 248/258 249/259 225/234
f 225/234 249/259 250/260 226/235
f 226/235 250/260 251/261 227/236
f 227/236 251/261 252/262 228/237
f 228/237 252/262 253/263 229/238
f 229/238 253/263 254/264 230/239
f 230/239 254/264 255/265 231/240
f 231/240 255/265 256/266 232/241
f 232/241 256/266 257/267 233/242
f 233/242 257/267 258/268 234/243
f 234/243 258/268 259/269 235/244
f 235/244 259/269 260/270 236/245
f 236/245 260/270 261/271 237/246
f 237/246 261/271 262/272 238/247
f 238/247 262/272 263/273 239/248
f 239/248 263/273 264/274 240/249
f 240/249 264/274 241/275 217/250
f 241/251 265/276 266/277 242/252
f 242/252 266/277 267/278 243/253
f 243/253 267/278 268/279 244/254
f 244/254 268/279 269/280 245/255
f 245/255 269/280 270/281 246/256
f 246/256 270/281 271/282 247/257
f 247/257 271/282 272/283 248/258
f 248/258 272/283 273/284 249/259
f 249/259 273/284 274/285 250/260
f 250/260 274/285 275/286 251/261
f 251/261 275/286 276/287 252/262
f 252/262 276/287 277/288 253/263
f 253/263 277/288 278/289 254/264
f 254/264 278/289 279/290 255/265
f 255/265 279/290 280/291 256/266
f 256/266 280/291 281/292 257/267
f 257/267 281/292 282/293 258/268
f 258/268 282/293 283/294 259/269
f 259/269 283/294 284/295 260/270
f 260/270 284/295 285/296 261/271
f 261/271 285/296 286/297 262/272
f 262/272 286/297 287/298 263/273
f 263/273 287/298 288/299 264/274
f 264/274 288/299 265/300 241/275
f 265/276 289/301 290/302 266/277
f 266/277 290/302 291/303 267/278
f 267/278 291/303 292/304 268/279
f 268/279 292/304 293/305 269/280
f 269/280 293/305 294/306 270/281
f 270/281 294/306 295/307 271/282
f 271/282 295/307 296/308 272/283
f 272/283 296/308 297/309 273/284
f 273/284 297/309 298/310 274/285
f 274/285 298/310 299/311 275/286
f 275/286 299/311 300/312 276/287
f 276/287 300/312 301/313 277/288
f 277/288 301/313 302/314 278/289
f 278/289 302/314 303/315 279/290
f 279/290 303/315 304/316 280/291
f 280/291 304/316 305/317 281/292
f 281/292 305/317 306/318 282/293
f 282/293 306/318 307/319 283/294
f 283/294 307/319 308/320 284/295
f 284/295 308/320 309/321 285/296
f 285/296 309/321 310/322 286/297
f 286/297 310/322 311/323 287/298
f 287/298 311/323 312/324 288/299
f 288/299 312/324 289/325 265/300
s off
f 1/326 2/327 3/328 4/329 5/330 6/331 7/332 8/333 9/334 10/335 11/336 12/337 13/338 14/339 15/340 16/341 17/342 18/343 19/344 20/345 21/346 22/347 23/348 24/349
s off
f 312/373 311/372 310/371 309/370 308/369 307/368 306/367 305/366 304/365 303/364 302/363 301/362 300/361 299/360 298/359 297/358 296/357 295/356 294/355 293/354 292/353 291/352 290/351 289/350

o Contour36
g Contour36
v -0.74 2.08 0
v -0.752948186 2.08 0.09835123714
v -0.765896372 2.08 0.1967024743
v -0.8418206931 2.08 0.38
v -0.9022097697 2.08 0.4587005769
v -0.9625988463 2.08 0.5374011537
v -1.12 2.08 0.6581793069
v -1.211648763 2.08 0.6961414674
v -1.303297526 2.08 0.734103628
v -1.5 2.08 0.76
v -1.598351237 2.08 0.747051814
v -1.696702474 2.08 0.734103628
v -1.88 2.08 0.6581793069
v -1.958700577 2.08 0.5977902303
v -2.037401154 2.08 0.5374011537
v -2.158179307 2.08 0.38
v -2.196141467 2.08 0.2883512371
v -2.234103628 2.08 0.1967024743
v -2.26 2.08 9.307315674e-17
v -2.247051814 2.08 -0.09835123714
v -2.234103628 2.08 -0.1967024743
v -2.158179307 2.08 -0.38
v -2.09779023 2.08 -0.4587005769
v -2.037401154 2.08 -0.5374011537
v -1.88 2.08 -0.6581793069
v -1.788351237 2.08 -0.6961414674
v -1.696702474 2.08 -0.734103628
v -1.5 2.08 -0.76
v -1.401648763 2.08 -0.747051814
v -1.303297526 2.08 -0.734103628
v -1.12 2.08 -0.6581793069
v -1.041299423 2.08 -0.5977902303
v -0.9625988463 2.08 -0.5374011537
v -0.8418206931 2.08 -0.38
v -0.8038585326 2.08 -0.2883512371
v -0.765896372 2.08 -0.1967024743
v -0.66 1.98 0
v -0.674311153 1.98 0.1087039989
v -0.6886223059 1.98 0.2174079979
v -0.7725386608 1.98 0.42
v -0.8392844823 1.98 0.5069848481
v -0.9060303038 1.98 0.5939696962
v -1.08 1.98 0.7274613392
v -1.181296001 1.98 0.7694195166
v -1.282592002 1.98 0.8113776941
v -1.5 1.98 0.84
v -1.608703999 1.98 0.825688847
v -1.717407998 1.98 0.8113776941
v -1.92 1.98 0.7274613392
v -2.006984848 1.98 0.6607155177
v -2.093969696 1.98 0.5939696962
v -2.227461339 1.98 0.42
v -2.269419517 1.98 0.3187039989
v -2.311377694 1.98 0.2174079979
v -2.34 1.98 1.028703311e-16
v -2.325688847 1.98 -0.1087039989
v -2.311377694 1.98 -0.2174079979
v -2.227461339 1.98 -0.42
v -2.160715518 1.98 -0.5069848481
v -2.093969696 1.98 -0.5939696962
v -1.92 1.98 -0.7274613392
v -1.818703999 1.98 -0.7694195166
v -1.717407998 1.98 -0.8113776941
v -1.5 1.98 -0.84
v -1.391296001 1.98 -0.825688847
v -1.282592002 1.98 -0.8113776941
v -1.08 1.98 -0.7274613392
v -0.9930151519 1.98 -0.6607155177
v -0.9060303038 1.98 -0.5939696962
v -0.7725386608 1.98 -0.42
v -0.7305804834 1.98 -0.3187039989
v -0.6886223059 1.98 -0.2174079979
v -0.66 1.65 0
v -0.674311153 1.65 0.1087039989
v -0.6886223059 1.65 0.2174079979
v -0.7725386608 1.65 0.42
v -0.8392844823 1.65 0.5069848481
v -0.9060303038 1.65 0.5939696962
v -1.08 1.65 0.7274613392
v -1.181296001 1.65 0.7694195166
v -1.282592002 1.65 0.8113776941
v -1.5 1.65 0.84
v -1.608703999 1.65 0.825688847
v -1.717407998 1.65 0.8113776941
v -1.92 1.65 0.7274613392
v -2.006984848 1.65 0.6607155177
v -2.093969696 1.65 0.5939696962
v -2.227461339 1.65 0.42
v -2.269419517 1.65 0.3187039989
v -2.311377694 1.65 0.2174079979
v -2.34 1.65 1.028703311e-16
v -2.325688847 1.65 -0.1087039989
v -2.311377694 1.65 -0.2174079979
v -2.227461339 1.65 -0.42
v -2.160715518 1.65 -0.5069848481
v -2.093969696 1.65 -0.5939696962
v -1.92 1.65 -0.7274613392
v -1.818703999 1.65 -0.7694195166
v -1.717407998 1.65 -0.8113776941
v -1.5 1.65 -0.84
v -1.391296001 1.65 -0.825688847
v -1.282592002 1.65 -0.8113776941
v -1.08 1.65 -0.7274613392
v -0.9930151519 1.65 -0.6607155177
v -0.9060303038 1.65 -0.5939696962
v -0.7725386608 1.65 -0.42
v -0.7305804834 1.65 -0.3187039989
v -0.6886223059 1.65 -0.2174079979
v -0.78 1.65 0
v -0.7922667025 1.65 0.09317485624
v -0.8045334051 1.65 0.1863497125
v -0.8764617093 1.65 0.36
v -0.9336724134 1.65 0.4345584412
v -0.9908831175 1.65 0.5091168825
v -1.14 1.65 0.6235382907
v -1.226825144 1.65 0.6595024428
v -1.313650288 1.65 0.6954665949
v -1.5 1.65 0.72
v -1.593174856 1.65 0.7077332975
v -1.686349712 1.65 0.6954665949
v -1.86 1.65 0.6235382907
v -1.934558441 1.65 0.5663275866
v -2.009116882 1.65 0.5091168825
v -2.123538291 1.65 0.36
v -2.159502443 1.65 0.2731748562
v -2.195466595 1.65 0.1863497125
v -2.22 1.65 8.817456954e-17
v -2.207733297 1.65 -0.09317485624
v -2.195466595 1.65 -0.1863497125
v -2.123538291 1.65 -0.36
v -2.066327587 1.65 -0.4345584412
v -2.009116882 1.65 -0.5091168825
v -1.86 1.65 -0.6235382907
v -1.773174856 1.65 -0.6595024428
v -1.686349712 1.65 -0.6954665949
v -1.5 1.65 -0.72
v -1.406825144 1.65 -0.7077332975
v -1.313650288 1.65 -0.6954665949
v -1.14 1.65 -0.6235382907
v -1.065441559 1.65 -0.5663275866
v -0.9908831175 1.65 -0.5091168825
v -0.8764617093 1.65 -0.36
v -0.8404975572 1.65 -0.2731748562
v -0.8045334051 1.65 -0.1863497125
v -0.78 1.3 0
v -0.7922667025 1.3 0.09317485624
v -0.8045334051 1.3 0.1863497125
v -0.8764617093 1.3 0.36
v -0.9336724134 1.3 0.4345584412
v -0.9908831175 1.3 0.5091168825
v -1.14 1.3 0.6235382907
v -1.226825144 1.3 0.6595024428
v -1.313650288 1.3 0.6954665949
v -1.5 1.3 0.72
v -1.593174856 1.3 0.7077332975
v -1.686349712 1.3 0.6954665949
v -1.86 1.3 0.6235382907
v -1.934558441 1.3 0.5663275866
v -2.009116882 1.3 0.5091168825
v -2.123538291 1.3 0.36
v -2.159502443 1.3 0.2731748562
v -2.195466595 1.3 0.1863497125
v -2.22 1.3 8.817456954e-17
v -2.207733297 1.3 -0.09317485624
v -2.195466595 1.3 -0.1863497125
v -2.123538291 1.3 -0.36
v -2.066327587 1.3 -0.4345584412
v -2.009116882 1.3 -0.5091168825
v -1.86 1.3 -0.6235382907
v -1.773174856 1.3 -0.6595024428
v -1.686349712 1.3 -0.6954665949
v -1.5 1.3 -0.72
v -1.406825144 1.3 -0.7077332975
v -1.313650288 1.3 -0.6954665949
v -1.14 1.3 -0.6235382907
v -1.065441559 1.3 -0.5663275866
v -0.9908831175 1.3 -0.5091168825
v -0.8764617093 1.3 -0.36
v -0.8404975572 1.3 -0.2731748562
v -0.8045334051 1.3 -0.1863497125
v -0.6 1.3 0
v -0.6153333782 1.3 0.1164685703
v -0.6306667563 1.3 0.2329371406
v -0.7205771366 1.3 0.45
v -0.7920905168 1.3 0.5431980515
v -0.8636038969 1.3 0.6363961031
v -1.05 1.3 0.7794228634
v -1.15853143 1.3 0.8243780535
v -1.267062859 1.3 0.8693332437
v -1.5 1.3 0.9
v -1.61646857 1.3 0.8846666218
v -1.732937141 1.3 0.8693332437
v -1.95 1.3 0.7794228634
v -2.043198052 1.3 0.7079094832
v -2.136396103 1.3 0.6363961031
v -2.279422863 1.3 0.45
v -2.324378054 1.3 0.3414685703
v -2.369333244 1.3 0.2329371406
v -2.4 1.3 1.102182119e-16
v -2.384666622 1.3 -0.1164685703
v -2.369333244 1.3 -0.2329371406
v -2.279422863 1.3 -0.45
v -2.207909483 1.3 -0.5431980515
v -2.136396103 1.3 -0.6363961031
v -1.95 1.3 -0.7794228634
v -1.84146857 1.3 -0.8243780535
v -1.732937141 1.3 -0.8693332437
v -1.5 1.3 -0.9
v -1.38353143 1.3 -0.8846666218
v -1.267062859 1.3 -0.8693332437
v -1.05 1.3 -0.7794228634
v -0.9568019485 1.3 -0.7079094832
v -0.8636038969 1.3 -0.6363961031
v -0.7205771366 1.3 -0.45
v -0.6756219465 1.3 -0.3414685703
v -0.6306667563 1.3 -0.2329371406
v -0.6 0.88 0
v -0.6153333782 0.88 0.1164685703
v -0.6306667563 0.88 0.2329371406
v -0.7205771366 0.88 0.45
v -0.7920905168 0.88 0.5431980515
v -0.8636038969 0.88 0.6363961031
v -1.05 0.88 0.7794228634
v -1.15853143 0.88 0.8243780535
v -1.267062859 0.88 0.8693332437
v -1.5 0.88 0.9
v -1.61646857 0.88 0.8846666218
v -1.732937141 0.88 0.8693332437
v -1.95 0.88 0.7794228634
v -2.043198052 0.88 0.7079094832
v -2.136396103 0.88 0.6363961031
v -2.279422863 0.88 0.45
v -2.324378054 0.88 0.3414685703
v -2.369333244 0.88 0.2329371406
v -2.4 0.88 1.102182119e-16
v -2.384666622 0.88 -0.1164685703
v -2.369333244 0.88 -0.2329371406
v -2.279422863 0.88 -0.45
v -2.207909483 0.88 -0.5431980515
v -2.136396103 0.88 -0.6363961031
v -1.95 0.88 -0.7794228634
v -1.84146857 0.88 -0.8243780535
v -1.732937141 0.88 -0.8693332437
v -1.5 0.88 -0.9
v -1.38353143 0.88 -0.8846666218
v -1.267062859 0.88 -0.8693332437
v -1.05 0.88 -0.7794228634
v -0.9568019485 0.88 -0.7079094832
v -0.8636038969 0.88 -0.6363961031
v -0.7205771366 0.88 -0.45
v -0.6756219465 0.88 -0.3414685703
v -0.6306667563 0.88 -0.2329371406
v -0.72 0.84 0
v -0.7332889277 0.84 0.1009394276
v -0.7465778555 0.84 0.2018788552
v -0.824500185 0.84 0.39
v -0.8864784479 0.84 0.4707716447
v -0.9484567107 0.84 0.5515432893
v -1.11 0.84 0.675499815
v -1.204060572 0.84 0.7144609797
v -1.298121145 0.84 0.7534221445
v -1.5 0.84 0.78
v -1.600939428 0.84 0.7667110723
v -1.701878855 0.84 0.7534221445
v -1.89 0.84 0.675499815
v -1.970771645 0.84 0.6135215521
v -2.051543289 0.84 0.5515432893
v -2.175499815 0.84 0.39
v -2.21446098 0.84 0.2959394276
v -2.253422145 0.84 0.2018788552
v -2.28 0.84 9.552245033e-17
v -2.266711072 0.84 -0.1009394276
v -2.253422145 0.84 -0.2018788552
v -2.175499815 0.84 -0.39
v -2.113521552 0.84 -0.4707716447
v -2.051543289 0.84 -0.5515432893
v -1.89 0.84 -0.675499815
v -1.795939428 0.84 -0.7144609797
v -1.701878855 0.84 -0.7534221445
v -1.5 0.84 -0.78
v -1.399060572 0.84 -0.7667110723
v -1.298121145 0.84 -0.7534221445
v -1.11 0.84 -0.675499815
v -1.029228355 0.84 -0.6135215521
v -0.9484567107 0.84 -0.5515432893
v -0.824500185 0.84 -0.39
v -0.7855390203 0.84 -0.2959394276
v -0.7465778555 0.84 -0.2018788552
v -0.72 0.76 0
v -0.7332889277 0.76 0.1009394276
v -0.7465778555 0.76 0.2018788552
v -0.824500185 0.76 0.39
v -0.8864784479 0.76 0.4707716447
v -0.9484567107 0.76 0.5515432893
v -1.11 0.76 0.675499815
v -1.204060572 0.76 0.7144609797
v -1.298121145 0.76 0.7534221445
v -1.5 0.76 0.78
v -1.600939428 0.76 0.7667110723
v -1.701878855 0.76 0.7534221445
v -1.89 0.76 0.675499815
v -1.970771645 0.76 0.6135215521
v -2.051543289 0.76 0.5515432893
v -2.175499815 0.76 0.39
v -2.21446098 0.76 0.2959394276
v -2.253422145 0.76 0.2018788552
v -2.28 0.76 9.552245033e-17
v -2.266711072 0.76 -0.1009394276
v -2.253422145 0.76 -0.2018788552
v -2.175499815 0.76 -0.39
v -2.113521552 0.76 -0.4707716447
v -2.051543289 0.76 -0.5515432893
v -1.89 0.76 -0.675499815
v -1.795939428 0.76 -0.7144609797
v -1.701878855 0.76 -0.7534221445
v -1.5 0.76 -0.78
v -1.399060572 0.76 -0.7667110723
v -1.298121145 0.76 -0.7534221445
v -1.11 0.76 -0.675499815
v -1.029228355 0.76 -0.6135215521
v -0.9484567107 0.76 -0.5515432893
v -0.824500185 0.76 -0.39
v -0.7855390203 0.76 -0.2959394276
v -0.7465778555 0.76 -0.2018788552
v -0.6 0.72 0
v -0.6153333782 0.72 0.1164685703
v -0.6306667563 0.72 0.2329371406
v -0.7205771366 0.72 0.45
v -0.7920905168 0.72 0.5431980515
v -0.8636038969 0.72 0.6363961031
v -1.05 0.72 0.7794228634
v -1.15853143 0.72 0.8243780535
v -1.267062859 0.72 0.8693332437
v -1.5 0.72 0.9
v -1.61646857 0.72 0.8846666218
v -1.732937141 0.72 0.8693332437
v -1.95 0.72 0.7794228634
v -2.043198052 0.72 0.7079094832
v -2.136396103 0.72 0.6363961031
v -2.279422863 0.72 0.45
v -2.324378054 0.72 0.3414685703
v -2.369333244 0.72 0.2329371406
v -2.4 0.72 1.102182119e-16
v -2.384666622 0.72 -0.1164685703
v -2.369333244 0.72 -0.2329371406
v -2.279422863 0.72 -0.45
v -2.207909483 0.72 -0.5431980515
v -2.136396103 0.72 -0.6363961031
v -1.95 0.72 -0.7794228634
v -1.84146857 0.72 -0.8243780535
v -1.732937141 0.72 -0.8693332437
v -1.5 0.72 -0.9
v -1.38353143 0.72 -0.8846666218
v -1.267062859 0.72 -0.8693332437
v -1.05 0.72 -0.7794228634
v -0.9568019485 0.72 -0.7079094832
v -0.8636038969 0.72 -0.6363961031
v -0.7205771366 0.72 -0.45
v -0.6756219465 0.72 -0.3414685703
v -0.6306667563 0.72 -0.2329371406
v -0.6 0.28 0
v -0.6153333782 0.28 0.1164685703
v -0.6306667563 0.28 0.2329371406
v -0.7205771366 0.28 0.45
v -0.7920905168 0.28 0.5431980515
v -0.8636038969 0.28 0.6363961031
v -1.05 0.28 0.7794228634
v -1.15853143 0.28 0.8243780535
v -1.267062859 0.28 0.8693332437
v -1.5 0.28 0.9
v -1.61646857 0.28 0.8846666218
v -1.732937141 0.28 0.8693332437
v -1.95 0.28 0.7794228634
v -2.043198052 0.28 0.7079094832
v -2.136396103 0.28 0.6363961031
v -2.279422863 0.28 0.45
v -2.324378054 0.28 0.3414685703
v -2.369333244 0.28 0.2329371406
v -2.4 0.28 1.102182119e-16
v -2.384666622 0.28 -0.1164685703
v -2.369333244 0.28 -0.2329371406
v -2.279422863 0.28 -0.45
v -2.207909483 0.28 -0.5431980515
v -2.136396103 0.28 -0.6363961031
v -1.95 0.28 -0.7794228634
v -1.84146857 0.28 -0.8243780535
v -1.732937141 0.28 -0.8693332437
v -1.5 0.28 -0.9
v -1.38353143 0.28 -0.8846666218
v -1.267062859 0.28 -0.8693332437
v -1.05 0.28 -0.7794228634
v -0.9568019485 0.28 -0.7079094832
v -0.8636038969 0.28 -0.6363961031
v -0.7205771366 0.28 -0.45
v -0.6756219465 0.28 -0.3414685703
v -0.6306667563 0.28 -0.2329371406
v -0.6 0.12 0
v -0.6153333782 0.12 0.1164685703
v -0.6306667563 0.12 0.2329371406
v -0.7205771366 0.12 0.45
v -0.7920905168 0.12 0.5431980515
v -0.8636038969 0.12 0.6363961031
v -1.05 0.12 0.7794228634
v -1.15853143 0.12 0.8243780535
v -1.267062859 0.12 0.8693332437
v -1.5 0.12 0.9
v -1.61646857 0.12 0.8846666218
v -1.732937141 0.12 0.8693332437
v -1.95 0.12 0.7794228634
v -2.043198052 0.12 0.7079094832
v -2.136396103 0.12 0.6363961031
v -2.279422863 0.12 0.45
v -2.324378054 0.12 0.3414685703
v -2.369333244 0.12 0.2329371406
v -2.4 0.12 1.102182119e-16
v -2.384666622 0.12 -0.1164685703
v -2.369333244 0.12 -0.2329371406
v -2.279422863 0.12 -0.45
v -2.207909483 0.12 -0.5431980515
v -2.136396103 0.12 -0.6363961031
v -1.95 0.12 -0.7794228634
v -1.84146857 0.12 -0.8243780535
v -1.732937141 0.12 -0.8693332437
v -1.5 0.12 -0.9
v -1.38353143 0.12 -0.8846666218
v -1.267062859 0.12 -0.8693332437
v -1.05 0.12 -0.7794228634
v -0.9568019485 0.12 -0.7079094832
v -0.8636038969 0.12 -0.6363961031
v -0.7205771366 0.12 -0.45
v -0.6756219465 0.12 -0.3414685703
v -0.6306667563 0.12 -0.2329371406
v -0.72 0 0
v -0.7332889277 0 0.1009394276
v -0.7465778555 0 0.2018788552
v -0.824500185 0 0.39
v -0.8864784479 0 0.4707716447
v -0.9484567107 0 0.5515432893
v -1.11 0 0.675499815
v -1.204060572 0 0.7144609797
v -1.298121145 0 0.7534221445
v -1.5 0 0.78
v -1.600939428 0 0.7667110723
v -1.701878855 0 0.7534221445
v -1.89 0 0.675499815
v -1.970771645 0 0.6135215521
v -2.051543289 0 0.5515432893
v -2.175499815 0 0.39
v -2.21446098 0 0.2959394276
v -2.253422145 0 0.2018788552
v -2.28 0 9.552245033e-17
v -2.266711072 0 -0.1009394276
v -2.253422145 0 -0.2018788552
v -2.175499815 0 -0.39
v -2.113521552 0 -0.4707716447
v -2.051543289 0 -0.5515432893
v -1.89 0 -0.675499815
v -1.795939428 0 -0.7144609797
v -1.701878855 0 -0.7534221445
v -1.5 0 -0.78
v -1.399060572 0 -0.7667110723
v -1.298121145 0 -0.7534221445
v -1.11 0 -0.675499815
v -1.029228355 0 -0.6135215521
v -0.9484567107 0 -0.5515432893
v -0.824500185 0 -0.39
v -0.7855390203 0 -0.2959394276
v -0.7465778555 0 -0.2018788552
vt 0.02 0.02
vt 0.045 0.02
vt 0.07 0.02
vt 0.095 0.02
vt 0.12 0.02
vt 0.145 0.02
vt 0.17 0.02
vt 0.195 0.02
vt 0.22 0.02
vt 0.245 0.02
vt 0.27 0.02
vt 0.295 0.02
vt 0.32 0.02
vt 0.345 0.02
vt 0.37 0.02
vt 0.395 0.02
vt 0.42 0.02
vt 0.445 0.02
vt 0.47 0.02
vt 0.495 0.02
vt 0.52 0.02
vt 0.545 0.02
vt 0.57 0.02
vt 0.595 0.02
vt 0.62 0.02
vt 0.02 0.08128302811
vt 0.045 0.08128302811
vt 0.07 0.08128302811
vt 0.095 0.08128302811
vt 0.12 0.08128302811
vt 0.145 0.08128302811
vt 0.17 0.08128302811
vt 0.195 0.08128302811
vt 0.22 0.08128302811
vt 0.245 0.08128302811
vt 0.27 0.08128302811
vt 0.295 0.08128302811
vt 0.32 0.08128302811
vt 0.345 0.08128302811
vt 0.37 0.08128302811
vt 0.395 0.08128302811
vt 0.42 0.08128302811
vt 0.445 0.08128302811
vt 0.47 0.08128302811
vt 0.495 0.08128302811
vt 0.52 0.08128302811
vt 0.545 0.08128302811
vt 0.57 0.08128302811
vt 0.595 0.08128302811
vt 0.62 0.08128302811
vt 0.02 0.1390612211
vt 0.045 0.1390612211
vt 0.07 0.1390612211
vt 0.095 0.1390612211
vt 0.12 0.1390612211
vt 0.145 0.1390612211
vt 0.17 0.1390612211
vt 0.195 0.1390612211
vt 0.22 0.1390612211
vt 0.245 0.1390612211
vt 0.27 0.1390612211
vt 0.295 0.1390612211
vt 0.32 0.1390612211
vt 0.345 0.1390612211
vt 0.37 0.1390612211
vt 0.395 0.1390612211
vt 0.42 0.1390612211
vt 0.445 0.1390612211
vt 0.47 0.1390612211
vt 0.495 0.1390612211
vt 0.52 0.1390612211
vt 0.545 0.1390612211
vt 0.57 0.1390612211
vt 0.595 0.1390612211
vt 0.62 0.1390612211
vt 0.02 0.2979512518
vt 0.045 0.2979512518
vt 0.07 0.2979512518
vt 0.095 0.2979512518
vt 0.12 0.2979512518
vt 0.145 0.2979512518
vt 0.17 0.2979512518
vt 0.195 0.2979512518
vt 0.22 0.2979512518
vt 0.245 0.2979512518
vt 0.27 0.2979512518
vt 0.295 0.2979512518
vt 0.32 0.2979512518
vt 0.345 0.2979512518
vt 0.37 0.2979512518
vt 0.395 0.2979512518
vt 0.42 0.2979512518
vt 0.445 0.2979512518
vt 0.47 0.2979512518
vt 0.495 0.2979512518
vt 0.52 0.2979512518
vt 0.545 0.2979512518
vt 0.57 0.2979512518
vt 0.595 0.2979512518
vt 0.62 0.2979512518
vt 0.02 0.3436289241
vt 0.045 0.3436289241
vt 0.07 0.3436289241
vt 0.095 0.3436289241
vt 0.12 0.3436289241
vt 0.145 0.3436289241
vt 0.17 0.3436289241
vt 0.195 0.3436289241
vt 0.22 0.3436289241
vt 0.245 0.3436289241
vt 0.27 0.3436289241
vt 0.295 0.3436289241
vt 0.32 0.3436289241
vt 0.345 0.3436289241
vt 0.37 0.3436289241
vt 0.395 0.3436289241
vt 0.42 0.3436289241
vt 0.445 0.3436289241
vt 0.47 0.3436289241
vt 0.495 0.3436289241
vt 0.52 0.3436289241
vt 0.545 0.3436289241
vt 0.57 0.3436289241
vt 0.595 0.3436289241
vt 0.62 0.3436289241
vt 0.02 0.3725180206
vt 0.045 0.3725180206
vt 0.07 0.3725180206
vt 0.095 0.3725180206
vt 0.12 0.3725180206
vt 0.145 0.3725180206
vt 0.17 0.3725180206
vt 0.195 0.3725180206
vt 0.22 0.3725180206
vt 0.245 0.3725180206
vt 0.27 0.3725180206
vt 0.295 0.3725180206
vt 0.32 0.3725180206
vt 0.345 0.3725180206
vt 0.37 0.3725180206
vt 0.395 0.3725180206
vt 0.42 0.3725180206
vt 0.445 0.3725180206
vt 0.47 0.3725180206
vt 0.495 0.3725180206
vt 0.52 0.3725180206
vt 0.545 0.3725180206
vt 0.57 0.3725180206
vt 0.595 0.3725180206
vt 0.62 0.3725180206
vt 0.02 0.4181956928
vt 0.045 0.4181956928
vt 0.07 0.4181956928
vt 0.095 0.4181956928
vt 0.12 0.4181956928
vt 0.145 0.4181956928
vt 0.17 0.4181956928
vt 0.195 0.4181956928
vt 0.22 0.4181956928
vt 0.245 0.4181956928
vt 0.27 0.4181956928
vt 0.295 0.4181956928
vt 0.32 0.4181956928
vt 0.345 0.4181956928
vt 0.37 0.4181956928
vt 0.395 0.4181956928
vt 0.42 0.4181956928
vt 0.445 0.4181956928
vt 0.47 0.4181956928
vt 0.495 0.4181956928
vt 0.52 0.4181956928
vt 0.545 0.4181956928
vt 0.57 0.4181956928
vt 0.595 0.4181956928
vt 0.62 0.4181956928
vt 0.02 0.5698634494
vt 0.045 0.5698634494
vt 0.07 0.5698634494
vt 0.095 0.5698634494
vt 0.12 0.5698634494
vt 0.145 0.5698634494
vt 0.17 0.5698634494
vt 0.195 0.5698634494
vt 0.22 0.5698634494
vt 0.245 0.5698634494
vt 0.27 0.5698634494
vt 0.295 0.5698634494
vt 0.32 0.5698634494
vt 0.345 0.5698634494
vt 0.37 0.5698634494
vt 0.395 0.5698634494
vt 0.42 0.5698634494
vt 0.445 0.5698634494
vt 0.47 0.5698634494
vt 0.495 0.5698634494
vt 0.52 0.5698634494
vt 0.545 0.5698634494
vt 0.57 0.5698634494
vt 0.595 0.5698634494
vt 0.62 0.5698634494
vt 0.02 0.6348639165
vt 0.045 0.6348639165
vt 0.07 0.6348639165
vt 0.095 0.6348639165
vt 0.12 0.6348639165
vt 0.145 0.6348639165
vt 0.17 0.6348639165
vt 0.195 0.6348639165
vt 0.22 0.6348639165
vt 0.245 0.6348639165
vt 0.27 0.6348639165
vt 0.295 0.6348639165
vt 0.32 0.6348639165
vt 0.345 0.6348639165
vt 0.37 0.6348639165
vt 0.395 0.6348639165
vt 0.42 0.6348639165
vt 0.445 0.6348639165
vt 0.47 0.6348639165
vt 0.495 0.6348639165
vt 0.52 0.6348639165
vt 0.545 0.6348639165
vt 0.57 0.6348639165
vt 0.595 0.6348639165
vt 0.62 0.6348639165
vt 0.02 0.7612537137
vt 0.045 0.7612537137
vt 0.07 0.7612537137
vt 0.095 0.7612537137
vt 0.12 0.7612537137
vt 0.145 0.7612537137
vt 0.17 0.7612537137
vt 0.195 0.7612537137
vt 0.22 0.7612537137
vt 0.245 0.7612537137
vt 0.27 0.7612537137
vt 0.295 0.7612537137
vt 0.32 0.7612537137
vt 0.345 0.7612537137
vt 0.37 0.7612537137
vt 0.395 0.7612537137
vt 0.42 0.7612537137
vt 0.445 0.7612537137
vt 0.47 0.7612537137
vt 0.495 0.7612537137
vt 0.52 0.7612537137
vt 0.545 0.7612537137
vt 0.57 0.7612537137
vt 0.595 0.7612537137
vt 0.62 0.7612537137
vt 0.02 0.8045873585
vt 0.045 0.8045873585
vt 0.07 0.8045873585
vt 0.095 0.8045873585
vt 0.12 0.8045873585
vt 0.145 0.8045873585
vt 0.17 0.8045873585
vt 0.195 0.8045873585
vt 0.22 0.8045873585
vt 0.245 0.8045873585
vt 0.27 0.8045873585
vt 0.295 0.8045873585
vt 0.32 0.8045873585
vt 0.345 0.8045873585
vt 0.37 0.8045873585
vt 0.395 0.8045873585
vt 0.42 0.8045873585
vt 0.445 0.8045873585
vt 0.47 0.8045873585
vt 0.495 0.8045873585
vt 0.52 0.8045873585
vt 0.545 0.8045873585
vt 0.57 0.8045873585
vt 0.595 0.8045873585
vt 0.62 0.8045873585
vt 0.02 0.9237548815
vt 0.045 0.9237548815
vt 0.07 0.9237548815
vt 0.095 0.9237548815
vt 0.12 0.9237548815
vt 0.145 0.9237548815
vt 0.17 0.9237548815
vt 0.195 0.9237548815
vt 0.22 0.9237548815
vt 0.245 0.9237548815
vt 0.27 0.9237548815
vt 0.295 0.9237548815
vt 0.32 0.9237548815
vt 0.345 0.9237548815
vt 0.37 0.9237548815
vt 0.395 0.9237548815
vt 0.42 0.9237548815
vt 0.445 0.9237548815
vt 0.47 0.9237548815
vt 0.495 0.9237548815
vt 0.52 0.9237548815
vt 0.545 0.9237548815
vt 0.57 0.9237548815
vt 0.595 0.9237548815
vt 0.62 0.9237548815
vt 0.02 0.97
vt 0.045 0.97
vt 0.07 0.97
vt 0.095 0.97
vt 0.12 0.97
vt 0.145 0.97
vt 0.17 0.97
vt 0.195 0.97
vt 0.22 0.97
vt 0.245 0.97
vt 0.27 0.97
vt 0.295 0.97
vt 0.32 0.97
vt 0.345 0.97
vt 0.37 0.97
vt 0.395 0.97
vt 0.42 0.97
vt 0.445 0.97
vt 0.47 0.97
vt 0.495 0.97
vt 0.52 0.97
vt 0.545 0.97
vt 0.57 0.97
vt 0.595 0.97
vt 0.62 0.97
vt 0.96 0.25
vt 0.9548888739 0.2888228568
vt 0.9399038106 0.325
vt 0.9160660172 0.3560660172
vt 0.885 0.3799038106
vt 0.8488228568 0.3948888739
vt 0.81 0.4
vt 0.7711771432 0.3948888739
vt 0.735 0.3799038106
vt 0.7039339828 0.3560660172
vt 0.6800961894 0.325
vt 0.6651111261 0.2888228568
vt 0.66 0.25
vt 0.6651111261 0.2111771432
vt 0.6800961894 0.175
vt 0.7039339828 0.1439339828
vt 0.735 0.1200961894
vt 0.7711771432 0.1051111261
vt 0.81 0.1
vt 0.8488228568 0.1051111261
vt 0.885 0.1200961894
vt 0.9160660172 0.1439339828
vt 0.9399038106 0.175
vt 0.9548888739 0.2111771432
vt 0.96 0.73
vt 0.9548888739 0.7688228568
vt 0.9399038106 0.805
vt 0.9160660172 0.8360660172
vt 0.885 0.8599038106
vt 0.8488228568 0.8748888739
vt 0.81 0.88
vt 0.7711771432 0.8748888739
vt 0.735 0.8599038106
vt 0.7039339828 0.8360660172
vt 0.6800961894 0.805
vt 0.6651111261 0.7688228568
vt 0.66 0.73
vt 0.6651111261 0.6911771432
vt 0.6800961894 0.655
vt 0.7039339828 0.6239339828
vt 0.735 0.6000961894
vt 0.7711771432 0.5851111261
vt 0.81 0.58
vt 0.8488228568 0.5851111261
vt 0.885 0.6000961894
vt 0.9160660172 0.6239339828
vt 0.9399038106 0.655
vt 0.9548888739 0.6911771432
vt 0.0325 0.97
vt 0.0325 0.9237548815
vt 0.0825 0.97
vt 0.0825 0.9237548815
vt 0.1325 0.97
vt 0.1325 0.9237548815
vt 0.1825 0.97
vt 0.1825 0.9237548815
vt 0.2325 0.97
vt 0.2325 0.9237548815
vt 0.2825 0.97
vt 0.2825 0.9237548815
vt 0.3325 0.97
vt 0.3325 0.9237548815
vt 0.3825 0.97
vt 0.3825 0.9237548815
vt 0.4325 0.97
vt 0.4325 0.9237548815
vt 0.4825 0.97
vt 0.4825 0.9237548815
vt 0.5325 0.97
vt 0.5325 0.9237548815
vt 0.5825 0.97
vt 0.5825 0.9237548815
vt 0.0325 0.8045873585
vt 0.0825 0.8045873585
vt 0.1325 0.8045873585
vt 0.1825 0.8045873585
vt 0.2325 0.8045873585
vt 0.2825 0.8045873585
vt 0.3325 0.8045873585
vt 0.3825 0.8045873585
vt 0.4325 0.8045873585
vt 0.4825 0.8045873585
vt 0.5325 0.8045873585
vt 0.5825 0.8045873585
vt 0.0325 0.7612537137
vt 0.0825 0.7612537137
vt 0.1325 0.7612537137
vt 0.1825 0.7612537137
vt 0.2325 0.7612537137
vt 0.2825 0.7612537137
vt 0.3325 0.7612537137
vt 0.3825 0.7612537137
vt 0.4325 0.7612537137
vt 0.4825 0.7612537137
vt 0.5325 0.7612537137
vt 0.5825 0.7612537137
vt 0.0325 0.6348639165
vt 0.0825 0.6348639165
vt 0.1325 0.6348639165
vt 0.1825 0.6348639165
vt 0.2325 0.6348639165
vt 0.2825 0.6348639165
vt 0.3325 0.6348639165
vt 0.3825 0.6348639165
vt 0.4325 0.6348639165
vt 0.4825 0.6348639165
vt 0.5325 0.6348639165
vt 0.5825 0.6348639165
vt 0.0325 0.5698634494
vt 0.0825 0.5698634494
vt 0.1325 0.5698634494
vt 0.1825 0.5698634494
vt 0.2325 0.5698634494
vt 0.2825 0.5698634494
vt 0.3325 0.5698634494
vt 0.3825 0.5698634494
vt 0.4325 0.5698634494
vt 0.4825 0.5698634494
vt 0.5325 0.5698634494
vt 0.5825 0.5698634494
vt 0.0325 0.4181956928
vt 0.0825 0.4181956928
vt 0.1325 0.4181956928
vt 0.1825 0.4181956928
vt 0.2325 0.4181956928
vt 0.2825 0.4181956928
vt 0.3325 0.4181956928
vt 0.3825 0.4181956928
vt 0.4325 0.4181956928
vt 0.4825 0.4181956928
vt 0.5325 0.4181956928
vt 0.5825 0.4181956928
vt 0.0325 0.3725180206
vt 0.0825 0.3725180206
vt 0.1325 0.3725180206
vt 0.1825 0.3725180206
vt 0.2325 0.3725180206
vt 0.2825 0.3725180206
vt 0.3325 0.3725180206
vt 0.3825 0.3725180206
vt 0.4325 0.3725180206
vt 0.4825 0.3725180206
vt 0.5325 0.3725180206
vt 0.5825 0.3725180206
vt 0.0325 0.3436289241
vt 0.0825 0.3436289241
vt 0.1325 0.3436289241
vt 0.1825 0.3436289241
vt 0.2325 0.3436289241
vt 0.2825 0.3436289241
vt 0.3325 0.3436289241
vt 0.3825 0.3436289241
vt 0.4325 0.3436289241
vt 0.4825 0.3436289241
vt 0.5325 0.3436289241
vt 0.5825 0.3436289241
vt 0.0325 0.2979512518
vt 0.0825 0.2979512518
vt 0.1325 0.2979512518
vt 0.1825 0.2979512518
vt 0.2325 0.2979512518
vt 0.2825 0.2979512518
vt 0.3325 0.2979512518
vt 0.3825 0.2979512518
vt 0.4325 0.2979512518
vt 0.4825 0.2979512518
vt 0.5325 0.2979512518
vt 0.5825 0.2979512518
vt 0.0325 0.1390612211
vt 0.0825 0.1390612211
vt 0.1325 0.1390612211
vt 0.1825 0.1390612211
vt 0.2325 0.1390612211
vt 0.2825 0.1390612211
vt 0.3325 0.1390612211
vt 0.3825 0.1390612211
vt 0.4325 0.1390612211
vt 0.4825 0.1390612211
vt 0.5325 0.1390612211
vt 0.5825 0.1390612211
vt 0.0325 0.08128302811
vt 0.0825 0.08128302811
vt 0.1325 0.08128302811
vt 0.1825 0.08128302811
vt 0.2325 0.08128302811
vt 0.2825 0.08128302811
vt 0.3325 0.08128302811
vt 0.3825 0.08128302811
vt 0.4325 0.08128302811
vt 0.4825 0.08128302811
vt 0.5325 0.08128302811
vt 0.5825 0.08128302811
vt 0.0325 0.02
vt 0.0825 0.02
vt 0.1325 0.02
vt 0.1825 0.02
vt 0.2325 0.02
vt 0.2825 0.02
vt 0.3325 0.02
vt 0.3825 0.02
vt 0.4325 0.02
vt 0.4825 0.02
vt 0.5325 0.02
vt 0.5825 0.02
vt 0.957444437 0.7494114284
vt 0.9279849139 0.8205330086
vt 0.8669114284 0.8673963423
vt 0.7905885716 0.877444437
vt 0.7194669914 0.8479849139
vt 0.6726036577 0.7869114284
vt 0.662555563 0.7105885716
vt 0.6920150861 0.6394669914
vt 0.7530885716 0.5926036577
vt 0.8294114284 0.582555563
vt 0.9005330086 0.6120150861
vt 0.9473963423 0.6730885716
vt 0.957444437 0.2694114284
vt 0.9279849139 0.3405330086
vt 0.8669114284 0.3873963423
vt 0.7905885716 0.397444437
vt 0.7194669914 0.3679849139
vt 0.6726036577 0.3069114284
vt 0.662555563 0.2305885716
vt 0.6920150861 0.1594669914
vt 0.7530885716 0.1126036577
vt 0.8294114284 0.102555563
vt 0.9005330086 0.1320150861
vt 0.9473963423 0.1930885716
s 1
f 313/674 314/747 350/748 349/649
f 314/747 315/675 351/650 350/748
f 315/675 316/676 352/651 351/650
f 316/676 317/749 353/750 352/651
f 317/749 318/677 354/652 353/750
f 318/677 319/678 355/653 354/652
f 319/678 320/751 356/752 355/653
f 320/751 321/679 357/654 356/752
f 321/679 322/680 358/655 357/654
f 322/680 323/753 359/754 358/655
f 323/753 324/681 360/656 359/754
f 324/681 325/682 361/657 360/656
f 325/682 326/755 362/756 361/657
f 326/755 327/683 363/658 362/756
f 327/683 328/684 364/659 363/658
f 328/684 329/757 365/758 364/659
f 329/757 330/685 366/660 365/758
f 330/685 331/686 367/661 366/660
f 331/686 332/759 368/760 367/661
f 332/759 333/687 369/662 368/760
f 333/687 334/688 370/663 369/662
f 334/688 335/761 371/762 370/663
f 335/761 336/689 372/664 371/762
f 336/689 337/690 373/665 372/664
f 337/690 338/763 374/764 373/665
f 338/763 339/691 375/666 374/764
f 339/691 340/692 376/667 375/666
f 340/692 341/765 377/766 376/667
f 341/765 342/693 378/668 377/766
f 342/693 343/694 379/669 378/668
f 343/694 344/767 380/768 379/669
f 344/767 345/695 381/670 380/768
f 345/695 346/696 382/671 381/670
f 346/696 347/769 383/770 382/671
f 347/769 348/697 384/672 383/770
f 348/697 313/698 349/673 384/672
f 349/649 350/748 386/771 385/624
f 350/748 351/650 387/625 386/771
f 351/650 352/651 388/626 387/625
f 352/651 353/750 389/772 388/626
f 353/750 354/652 390/627 389/772
f 354/652 355/653 391/628 390/627
f 355/653 356/752 392/773 391/628
f 356/752 357/654 393/629 392/773
f 357/654 358/655 394/630 393/629
f 358/655 359/754 395/774 394/630
f 359/754 360/656 396/631 395/774
f 360/656 361/657 397/632 396/631
f 361/657 362/756 398/775 397/632
f 362/756 363/658 399/633 398/775
f 363/658 364/659 400/634 399/633
f 364/659 365/758 401/776 400/634
f 365/758 366/660 402/635 401/776
f 366/660 367/661 403/636 402/635
f 367/661 368/760 404/777 403/636
f 368/760 369/662 405/637 404/777
f 369/662 370/663 406/638 405/637
f 370/663 371/762 407/778 406/638
f 371/762 372/664 408/639 407/778
f 372/664 373/665 409/640 408/639
f 373/665 374/764 410/779 409/640
f 374/764 375/666 411/641 410/779
f 375/666 376/667 412/642 411/641
f 376/667 377/766 413/780 412/642
f 377/766 378/668 414/643 413/780
f 378/668 379/669 415/644 414/643
f 379/669 380/768 416/781 415/644
f 380/768 381/670 417/645 416/781
f 381/670 382/671 418/646 417/645
f 382/671 383/770 419/782 418/646
f 383/770 384/672 420/647 419/782
f 384/672 349/673 385/648 420/647
f 385/624 386/771 422/783 421/599
f 386/771 387/625 423/600 422/783
f 387/625 388/626 424/601 423/600
f 388/626 389/772 425/784 424/601
f 389/772 390/627 426/602 425/784
f 390/627 391/628 427/603 426/602
f 391/628 392/773 428/785 427/603
f 392/773 393/629 429/604 428/785
f 393/629 394/630 430/605 429/604
f 394/630 395/774 431/786 430/605
f 395/774 396/631 432/606 431/786
f 396/631 397/632 433/607 432/606
f 397/632 398/775 434/787 433/607
f 398/775 399/633 435/608 434/787
f 399/633 400/634 436/609 435/608
f 400/634 401/776 437/788 436/609
f 401/776 402/635 438/610 437/788
f 402/635 403/636 439/611 438/610
f 403/636 404/777 440/789 439/611
f 404/777 405/637 441/612 440/789
f 405/637 406/638 442/613 441/612
f 406/638 407/778 443/790 442/613
f 407/778 408/639 444/614 443/790
f 408/639 409/640 445/615 444/614
f 409/640 410/779 446/791 445/615
f 410/779 411/641 447/616 446/791
f 411/641 412/642 448/617 447/616
f 412/642 413/780 449/792 448/617
f 413/780 414/643 450/618 449/792
f 414/643 415/644 451/619 450/618
f 415/644 416/781 452/793 451/619
f 416/781 417/645 453/620 452/793
f 417/645 418/646 454/621 453/620
f 418/646 419/782 455/794 454/621
f 419/782 420/647 456/622 455/794
f 420/647 385/648 421/623 456/622
f 421/599 422/783 458/795 457/574
f 422/783 423/600 459/575 458/795
f 423/600 424/601 460/576 459/575
f 424/601 425/784 461/796 460/576
f 425/784 426/602 462/577 461/796
f 426/602 427/603 463/578 462/577
f 427/603 428/785 464/797 463/578
f 428/785 429/604 465/579 464/797
f 429/604 430/605 466/580 465/579
f 430/605 431/786 467/798 466/580
f 431/786 432/606 468/581 467/798
f 432/606 433/607 469/582 468/581
f 433/607 434/787 470/799 469/582
f 434/787 435/608 471/583 470/799
f 435/608 436/609 472/584 471/583
f 436/609 437/788 473/800 472/584
f 437/788 438/610 474/585 473/800
f 438/610 439/611 475/586 474/585
f 439/611 440/789 476/801 475/586
f 440/789 441/612 477/587 476/801
f 441/612 442/613 478/588 477/587
f 442/613 443/790 479/802 478/588
f 443/790 444/614 480/589 479/802
f 444/614 445/615 481/590 480/589
f 445/615 446/791 482/803 481/590
f 446/791 447/616 483/591 482/803
f 447/616 448/617 484/592 483/591
f 448/617 449/792 485/804 484/592
f 449/792 450/618 486/593 485/804
f 450/618 451/619 487/594 486/593
f 451/619 452/793 488/805 487/594
f 452/793 453/620 489/595 488/805
f 453/620 454/621 490/596 489/595
f 454/621 455/794 491/806 490/596
f 455/794 456/622 492/597 491/806
f 456/622 421/623 457/598 492/597
f 457/574 458/795 494/807 493/549
f 458/795 459/575 495/550 494/807
f 459/575 460/576 496/551 495/550
f 460/576 461/796 497/808 496/551
f 461/796 462/577 498/552 497/808
f 462/577 463/578 499/553 498/552
f 463/578 464/797 500/809 499/553
f 464/797 465/579 501/554 500/809
f 465/579 466/580 502/555 501/554
f 466/580 467/798 503/810 502/555
f 467/798 468/581 504/556 503/810
f 468/581 469/582 505/557 504/556
f 469/582 470/799 506/811 505/557
f 470/799 471/583 507/558 506/811
f 471/583 472/584 508/559 507/558
f 472/584 473/800 509/812 508/559
f 473/800 474/585 510/560 509/812
f 474/585 475/586 511/561 510/560
f 475/586 476/801 512/813 511/561
f 476/801 477/587 513/562 512/813
f 477/587 478/588 514/563 513/562
f 478/588 479/802 515/814 514/563
f 479/802 480/589 516/564 515/814
f 480/589 481/590 517/565 516/564
f 481/590 482/803 518/815 517/565
f 482/803 483/591 519/566 518/815
f 483/591 484/592 520/567 519/566
f 484/592 485/804 521/816 520/567
f 485/804 486/593 522/568 521/816
f 486/593 487/594 523/569 522/568
f 487/594 488/805 524/817 523/569
f 488/805 489/595 525/570 524/817
f 489/595 490/596 526/571 525/570
f 490/596 491/806 527/818 526/571
f 491/806 492/597 528/572 527/818
f 492/597 457/598 493/573 528/572
f 493/549 494/807 530/819 529/524
f 494/807 495/550 531/525 530/819
f 495/550 496/551 532/526 531/525
f 496/551 497/808 533/820 532/526
f 497/808 498/552 534/527 533/820
f 498/552 499/553 535/528 534/527
f 499/553 500/809 536/821 535/528
f 500/809 501/554 537/529 536/821
f 501/554 502/555 538/530 537/529
f 502/555 503/810 539/822 538/530
f 503/810 504/556 540/531 539/822
f 504/556 505/557 541/532 540/531
f 505/557 506/811 542/823 541/532
f 506/811 507/558 543/533 542/823
f 507/558 508/559 544/534 543/533
f 508/559 509/812 545/824 544/534
f 509/812 510/560 546/535 545/824
f 510/560 511/561 547/536 546/535
f 511/561 512/813 548/825 547/536
f 512/813 513/562 549/537 548/825
f 513/562 514/563 550/538 549/537
f 514/563 515/814 551/826 550/538
f 515/814 516/564 552/539 551/826
f 516/564 517/565 553/540 552/539
f 517/565 518/815 554/827 553/540
f 518/815 519/566 555/541 554/827
f 519/566 520/567 556/542 555/541
f 520/567 521/816 557/828 556/542
f 521/816 522/568 558/543 557/828
f 522/568 523/569 559/544 558/543
f 523/569 524/817 560/829 559/544
f 524/817 525/570 561/545 560/829
f 525/570 526/571 562/546 561/545
f 526/571 527/818 563/830 562/546
f 527/818 528/572 564/547 563/830
f 528/572 493/573 529/548 564/547
f 529/524 530/819 566/831 565/499
f 530/819 531/525 567/500 566/831
f 531/525 532/526 568/501 567/500
f 532/526 533/820 569/832 568/501
f 533/820 534/527 570/502 569/832
f 534/527 535/528 571/503 570/502
f 535/528 536/821 572/833 571/503
f 536/821 537/529 573/504 572/833
f 537/529 538/530 574/505 573/504
f 538/530 539/822 575/834 574/505
f 539/822 540/531 576/506 575/834
f 540/531 541/532 577/507 576/506
f 541/532 542/823 578/835 577/507
f 542/823 543/533 579/508 578/835
f 543/533 544/534 580/509 579/508
f 544/534 545/824 581/836 580/509
f 545/824 546/535 582/510 581/836
f 546/535 547/536 583/511 582/510
f 547/536 548/825 584/837 583/511
f 548/825 549/537 585/512 584/837
f 549/537 550/538 586/513 585/512
f 550/538 551/826 587/838 586/513
f 551/826 552/539 588/514 587/838
f 552/539 553/540 589/515 588/514
f 553/540 554/827 590/839 589/515
f 554/827 555/541 591/516 590/839
f 555/541 556/542 592/517 591/516
f 556/542 557/828 593/840 592/517
f 557/828 558/543 594/518 593/840
f 558/543 559/544 595/519 594/518
f 559/544 560/829 596/841 595/519
f 560/829 561/545 597/520 596/841
f 561/545 562/546 598/521 597/520
f 562/546 563/830 599/842 598/521
f 563/830 564/547 600/522 599/842
f 564/547 529/548 565/523 600/522
f 565/499 566/831 602/843 601/474
f 566/831 567/500 603/475 602/843
f 567/500 568/501 604/476 603/475
f 568/501 569/832 605/844 604/476
f 569/832 570/502 606/477 605/844
f 570/502 571/503 607/478 606/477
f 571/503 572/833 608/845 607/478
f 572/833 573/504 609/479 608/845
f 573/504 574/505 610/480 609/479
f 574/505 575/834 611/846 610/480
f 575/834 576/506 612/481 611/846
f 576/506 577/507 613/482 612/481
f 577/507 578/835 614/847 613/482
f 578/835 579/508 615/483 614/847
f 579/508 580/509 616/484 615/483
f 580/509 581/836 617/848 616/484
f 581/836 582/510 618/485 617/848
f 582/510 583/511 619/486 618/485
f 583/511 584/837 620/849 619/486
f 584/837 585/512 621/487 620/849
f 585/512 586/513 622/488 621/487
f 586/513 587/838 623/850 622/488
f 587/838 588/514 624/489 623/850
f 588/514 589/515 625/490 624/489
f 589/515 590/839 626/851 625/490
f 590/839 591/516 627/491 626/851
f 591/516 592/517 628/492 627/491
f 592/517 593/840 629/852 628/492
f 593/840 594/518 630/493 629/852
f 594/518 595/519 631/494 630/493
f 595/519 596/841 632/853 631/494
f 596/841 597/520 633/495 632/853
f 597/520 598/521 634/496 633/495
f 598/521 599/842 635/854 634/496
f 599/842 600/522 636/497 635/854
f 600/522 565/523 601/498 636/497
f 601/474 602/843 638/855 637/449
f 602/843 603/475 639/450 638/855
f 603/475 604/476 640/451 639/450
f 604/476 605/844 641/856 640/451
f 605/844 606/477 642/452 641/856
f 606/477 607/478 643/453 642/452
f 607/478 608/845 644/857 643/453
f 608/845 609/479 645/454 644/857
f 609/479 610/480 646/455 645/454
f 610/480 611/846 647/858 646/455
f 611/846 612/481 648/456 647/858
f 612/481 613/482 649/457 648/456
f 613/482 614/847 650/859 649/457
f 614/847 615/483 651/458 650/859
f 615/483 616/484 652/459 651/458
f 616/484 617/848 653/860 652/459
f 617/848 618/485 654/460 653/860
f 618/485 619/486 655/461 654/460
f 619/486 620/849 656/861 655/461
f 620/849 621/487 657/462 656/861
f 621/487 622/488 658/463 657/462
f 622/488 623/850 659/862 658/463
f 623/850 624/489 660/464 659/862
f 624/489 625/490 661/465 660/464
f 625/490 626/851 662/863 661/465
f 626/851 627/491 663/466 662/863
f 627/491 628/492 664/467 663/466
f 628/492 629/852 665/864 664/467
f 629/852 630/493 666/468 665/864
f 630/493 631/494 667/469 666/468
f 631/494 632/853 668/865 667/469
f 632/853 633/495 669/470 668/865
f 633/495 634/496 670/471 669/470
f 634/496 635/854 671/866 670/471
f 635/854 636/497 672/472 671/866
f 636/497 601/498 637/473 672/472
f 637/449 638/855 674/867 673/424
f 638/855 639/450 675/425 674/867
f 639/450 640/451 676/426 675/425
f 640/451 641/856 677/868 676/426
f 641/856 642/452 678/427 677/868
f 642/452 643/453 679/428 678/427
f 643/453 644/857 680/869 679/428
f 644/857 645/454 681/429 680/869
f 645/454 646/455 682/430 681/429
f 646/455 647/858 683/870 682/430
f 647/858 648/456 684/431 683/870
f 648/456 649/457 685/432 684/431
f 649/457 650/859 686/871 685/432
f 650/859 651/458 687/433 686/871
f 651/458 652/459 688/434 687/433
f 652/459 653/860 689/872 688/434
f 653/860 654/460 690/435 689/872
f 654/460 655/461 691/436 690/435
f 655/461 656/861 692/873 691/436
f 656/861 657/462 693/437 692/873
f 657/462 658/463 694/438 693/437
f 658/463 659/862 695/874 694/438
f 659/862 660/464 696/439 695/874
f 660/464 661/465 697/440 696/439
f 661/465 662/863 698/875 697/440
f 662/863 663/466 699/441 698/875
f 663/466 664/467 700/442 699/441
f 664/467 665/864 701/876 700/442
f 665/864 666/468 702/443 701/876
f 666/468 667/469 703/444 702/443
f 667/469 668/865 704/877 703/444
f 668/865 669/470 705/445 704/877
f 669/470 670/471 706/446 705/445
f 670/471 671/866 707/878 706/446
f 671/866 672/472 708/447 707/878
f 672/472 637/473 673/448 708/447
f 673/424 674/867 710/879 709/399
f 674/867 675/425 711/400 710/879
f 675/425 676/426 712/401 711/400
f 676/426 677/868 713/880 712/401
f 677/868 678/427 714/402 713/880
f 678/427 679/428 715/403 714/402
f 679/428 680/869 716/881 715/403
f 680/869 681/429 717/404 716/881
f 681/429 682/430 718/405 717/404
f 682/430 683/870 719/882 718/405
f 683/870 684/431 720/406 719/882
f 684/431 685/432 721/407 720/406
f 685/432 686/871 722/883 721/407
f 686/871 687/433 723/408 722/883
f 687/433 688/434 724/409 723/408
f 688/434 689/872 725/884 724/409
f 689/872 690/435 726/410 725/884
f 690/435 691/436 727/411 726/410
f 691/436 692/873 728/885 727/411
f 692/873 693/437 729/412 728/885
f 693/437 694/438 730/413 729/412
f 694/438 695/874 731/886 730/413
f 695/874 696/439 732/414 731/886
f 696/439 697/440 733/415 732/414
f 697/440 698/875 734/887 733/415
f 698/875 699/441 735/416 734/887
f 699/441 700/442 736/417 735/416
f 700/442 701/876 737/888 736/417
f 701/876 702/443 738/418 737/888
f 702/443 703/444 739/419 738/418
f 703/444 704/877 740/889 739/419
f 704/877 705/445 741/420 740/889
f 705/445 706/446 742/421 741/420
f 706/446 707/878 743/890 742/421
f 707/878 708/447 744/422 743/890
f 708/447 673/448 709/423 744/422
f 709/399 710/879 746/891 745/374
f 710/879 711/400 747/375 746/891
f 711/400 712/401 748/376 747/375
f 712/401 713/880 749/892 748/376
f 713/880 714/402 750/377 749/892
f 714/402 715/403 751/378 750/377
f 715/403 716/881 752/893 751/378
f 716/881 717/404 753/379 752/893
f 717/404 718/405 754/380 753/379
f 718/405 719/882 755/894 754/380
f 719/882 720/406 756/381 755/894
f 720/406 721/407 757/382 756/381
f 721/407 722/883 758/895 757/382
f 722/883 723/408 759/383 758/895
f 723/408 724/409 760/384 759/383
f 724/409 725/884 761/896 760/384
f 725/884 726/410 762/385 761/896
f 726/410 727/411 763/386 762/385
f 727/411 728/885 764/897 763/386
f 728/885 729/412 765/387 764/897
f 729/412 730/413 766/388 765/387
f 730/413 731/886 767/898 766/388
f 731/886 732/414 768/389 767/898
f 732/414 733/415 769/390 768/389
f 733/415 734/887 770/899 769/390
f 734/887 735/416 771/391 770/899
f 735/416 736/417 772/392 771/391
f 736/417 737/888 773/900 772/392
f 737/888 738/418 774/393 773/900
f 738/418 739/419 775/394 774/393
f 739/419 740/889 776/901 775/394
f 740/889 741/420 777/395 776/901
f 741/420 742/421 778/396 777/395
f 742/421 743/890 779/902 778/396
f 743/890 744/422 780/397 779/902
f 744/422 709/423 745/398 780/397
s off
f 348/746 347/914 346/745 345/744 344/913 343/743 342/742 341/912 340/741 339/740 338/911 337/739 336/738 335/910 334/737 333/736 332/909 331/735 330/734 329/908 328/733 327/732 326/907 325/731 324/730 323/906 322/729 321/728 320/905 319/727 318/726 317/904 316/725 315/724 314/903 313/723
s off
f 745/699 746/915 747/700 748/701 749/916 750/702 751/703 752/917 753/704 754/705 755/918 756/706 757/707 758/919 759/708 760/709 761/920 762/710 763/711 764/921 765/712 766/713 767/922 768/714 769/715 770/923 771/716 772/717 773/924 774/718 775/719 776/925 777/720 778/721 779/926 780/722

o Uniform36
g Uniform36
v 2.26 2.08 0
v 2.242735752 2.08 0.1311349829
v 2.208795521 2.08 0.2578016495
v 2.158179307 2.08 0.38
v 2.077660538 2.08 0.4849341025
v 1.984934102 2.08 0.5776605381
v 1.88 2.08 0.6581793069
v 1.75780165 2.08 0.7087955209
v 1.631134983 2.08 0.742735752
v 1.5 2.08 0.76
v 1.368865017 2.08 0.742735752
v 1.24219835 2.08 0.7087955209
v 1.12 2.08 0.6581793069
v 1.015065898 2.08 0.5776605381
v 0.9223394619 2.08 0.4849341025
v 0.8418206931 2.08 0.38
v 0.7912044791 2.08 0.2578016495
v 0.757264248 2.08 0.1311349829
v 0.74 2.08 9.307315674e-17
v 0.757264248 2.08 -0.1311349829
v 0.7912044791 2.08 -0.2578016495
v 0.8418206931 2.08 -0.38
v 0.9223394619 2.08 -0.4849341025
v 1.015065898 2.08 -0.5776605381
v 1.12 2.08 -0.6581793069
v 1.24219835 2.08 -0.7087955209
v 1.368865017 2.08 -0.742735752
v 1.5 2.08 -0.76
v 1.631134983 2.08 -0.742735752
v 1.75780165 2.08 -0.7087955209
v 1.88 2.08 -0.6581793069
v 1.984934102 2.08 -0.5776605381
v 2.077660538 2.08 -0.4849341025
v 2.158179307 2.08 -0.38
v 2.208795521 2.08 -0.2578016495
v 2.242735752 2.08 -0.1311349829
v 2.34 1.98 0
v 2.320918463 1.98 0.1449386653
v 2.283405576 1.98 0.2849386653
v 2.227461339 1.98 0.42
v 2.138466911 1.98 0.5359797975
v 2.035979797 1.98 0.6384669105
v 1.92 1.98 0.7274613392
v 1.784938665 1.98 0.7834055758
v 1.644938665 1.98 0.8209184627
v 1.5 1.98 0.84
v 1.355061335 1.98 0.8209184627
v 1.215061335 1.98 0.7834055758
v 1.08 1.98 0.7274613392
v 0.9640202025 1.98 0.6384669105
v 0.8615330895 1.98 0.5359797975
v 0.7725386608 1.98 0.42
v 0.7165944242 1.98 0.2849386653
v 0.6790815373 1.98 0.1449386653
v 0.66 1.98 1.028703311e-16
v 0.6790815373 1.98 -0.1449386653
v 0.7165944242 1.98 -0.2849386653
v 0.7725386608 1.98 -0.42
v 0.8615330895 1.98 -0.5359797975
v 0.9640202025 1.98 -0.6384669105
v 1.08 1.98 -0.7274613392
v 1.215061335 1.98 -0.7834055758
v 1.355061335 1.98 -0.8209184627
v 1.5 1.98 -0.84
v 1.644938665 1.98 -0.8209184627
v 1.784938665 1.98 -0.7834055758
v 1.92 1.98 -0.7274613392
v 2.035979797 1.98 -0.6384669105
v 2.138466911 1.98 -0.5359797975
v 2.227461339 1.98 -0.42
v 2.283405576 1.98 -0.2849386653
v 2.320918463 1.98 -0.1449386653
v 2.34 1.65 0
v 2.320918463 1.65 0.1449386653
v 2.283405576 1.65 0.2849386653
v 2.227461339 1.65 0.42
v 2.138466911 1.65 0.5359797975
v 2.035979797 1.65 0.6384669105
v 1.92 1.65 0.7274613392
v 1.784938665 1.65 0.7834055758
v 1.644938665 1.65 0.8209184627
v 1.5 1.65 0.84
v 1.355061335 1.65 0.8209184627
v 1.215061335 1.65 0.7834055758
v 1.08 1.65 0.7274613392
v 0.9640202025 1.65 0.6384669105
v 0.8615330895 1.65 0.5359797975
v 0.7725386608 1.65 0.42
v 0.7165944242 1.65 0.2849386653
v 0.6790815373 1.65 0.1449386653
v 0.66 1.65 1.028703311e-16
v 0.6790815373 1.65 -0.1449386653
v 0.7165944242 1.65 -0.2849386653
v 0.7725386608 1.65 -0.42
v 0.8615330895 1.65 -0.5359797975
v 0.9640202025 1.65 -0.6384669105
v 1.08 1.65 -0.7274613392
v 1.215061335 1.65 -0.7834055758
v 1.355061335 1.65 -0.8209184627
v 1.5 1.65 -0.84
v 1.644938665 1.65 -0.8209184627
v 1.784938665 1.65 -0.7834055758
v 1.92 1.65 -0.7274613392
v 2.035979797 1.65 -0.6384669105
v 2.138466911 1.65 -0.5359797975
v 2.227461339 1.65 -0.42
v 2.283405576 1.65 -0.2849386653
v 2.320918463 1.65 -0.1449386653
v 2.22 1.65 0
v 2.203644397 1.65 0.1242331416
v 2.171490494 1.65 0.2442331416
v 2.123538291 1.65 0.36
v 2.047257352 1.65 0.459411255
v 1.959411255 1.65 0.5472573519
v 1.86 1.65 0.6235382907
v 1.744233142 1.65 0.6714904935
v 1.624233142 1.65 0.7036443966
v 1.5 1.65 0.72
v 1.375766858 1.65 0.7036443966
v 1.255766858 1.65 0.6714904935
v 1.14 1.65 0.6235382907
v 1.040588745 1.65 0.5472573519
v 0.9527426481 1.65 0.459411255
v 0.8764617093 1.65 0.36
v 0.8285095065 1.65 0.2442331416
v 0.7963556034 1.65 0.1242331416
v 0.78 1.65 8.817456954e-17
v 0.7963556034 1.65 -0.1242331416
v 0.8285095065 1.65 -0.2442331416
v 0.8764617093 1.65 -0.36
v 0.9527426481 1.65 -0.459411255
v 1.040588745 1.65 -0.5472573519
v 1.14 1.65 -0.6235382907
v 1.255766858 1.65 -0.6714904935
v 1.375766858 1.65 -0.7036443966
v 1.5 1.65 -0.72
v 1.624233142 1.65 -0.7036443966
v 1.744233142 1.65 -0.6714904935
v 1.86 1.65 -0.6235382907
v 1.959411255 1.65 -0.5472573519
v 2.047257352 1.65 -0.459411255
v 2.123538291 1.65 -0.36
v 2.171490494 1.65 -0.2442331416
v 2.203644397 1.65 -0.1242331416
v 2.22 1.3 0
v 2.203644397 1.3 0.1242331416
v 2.171490494 1.3 0.2442331416
v 2.123538291 1.3 0.36
v 2.047257352 1.3 0.459411255
v 1.959411255 1.3 0.5472573519
v 1.86 1.3 0.6235382907
v 1.744233142 1.3 0.6714904935
v 1.624233142 1.3 0.7036443966
v 1.5 1.3 0.72
v 1.375766858 1.3 0.7036443966
v 1.255766858 1.3 0.6714904935
v 1.14 1.3 0.6235382907
v 1.040588745 1.3 0.5472573519
v 0.9527426481 1.3 0.459411255
v 0.8764617093 1.3 0.36
v 0.8285095065 1.3 0.2442331416
v 0.7963556034 1.3 0.1242331416
v 0.78 1.3 8.817456954e-17
v 0.7963556034 1.3 -0.1242331416
v 0.8285095065 1.3 -0.2442331416
v 0.8764617093 1.3 -0.36
v 0.9527426481 1.3 -0.459411255
v 1.040588745 1.3 -0.5472573519
v 1.14 1.3 -0.6235382907
v 1.255766858 1.3 -0.6714904935
v 1.375766858 1.3 -0.7036443966
v 1.5 1.3 -0.72
v 1.624233142 1.3 -0.7036443966
v 1.744233142 1.3 -0.6714904935
v 1.86 1.3 -0.6235382907
v 1.959411255 1.3 -0.5472573519
v 2.047257352 1.3 -0.459411255
v 2.123538291 1.3 -0.36
v 2.171490494 1.3 -0.2442331416
v 2.203644397 1.3 -0.1242331416
v 2.4 1.3 0
v 2.379555496 1.3 0.1552914271
v 2.339363117 1.3 0.3052914271
v 2.279422863 1.3 0.45
v 2.18407169 1.3 0.5742640687
v 2.074264069 1.3 0.6840716898
v 1.95 1.3 0.7794228634
v 1.805291427 1.3 0.8393631169
v 1.655291427 1.3 0.8795554958
v 1.5 1.3 0.9
v 1.344708573 1.3 0.8795554958
v 1.194708573 1.3 0.8393631169
v 1.05 1.3 0.7794228634
v 0.9257359313 1.3 0.6840716898
v 0.8159283102 1.3 0.5742640687
v 0.7205771366 1.3 0.45
v 0.6606368831 1.3 0.3052914271
v 0.6204445042 1.3 0.1552914271
v 0.6 1.3 1.102182119e-16
v 0.6204445042 1.3 -0.1552914271
v 0.6606368831 1.3 -0.3052914271
v 0.7205771366 1.3 -0.45
v 0.8159283102 1.3 -0.5742640687
v 0.9257359313 1.3 -0.6840716898
v 1.05 1.3 -0.7794228634
v 1.194708573 1.3 -0.8393631169
v 1.344708573 1.3 -0.8795554958
v 1.5 1.3 -0.9
v 1.655291427 1.3 -0.8795554958
v 1.805291427 1.3 -0.8393631169
v 1.95 1.3 -0.7794228634
v 2.074264069 1.3 -0.6840716898
v 2.18407169 1.3 -0.5742640687
v 2.279422863 1.3 -0.45
v 2.339363117 1.3 -0.3052914271
v 2.379555496 1.3 -0.1552914271
v 2.4 0.88 0
v 2.379555496 0.88 0.1552914271
v 2.339363117 0.88 0.3052914271
v 2.279422863 0.88 0.45
v 2.18407169 0.88 0.5742640687
v 2.074264069 0.88 0.6840716898
v 1.95 0.88 0.7794228634
v 1.805291427 0.88 0.8393631169
v 1.655291427 0.88 0.8795554958
v 1.5 0.88 0.9
v 1.344708573 0.88 0.8795554958
v 1.194708573 0.88 0.8393631169
v 1.05 0.88 0.7794228634
v 0.9257359313 0.88 0.6840716898
v 0.8159283102 0.88 0.5742640687
v 0.7205771366 0.88 0.45
v 0.6606368831 0.88 0.3052914271
v 0.6204445042 0.88 0.1552914271
v 0.6 0.88 1.102182119e-16
v 0.6204445042 0.88 -0.1552914271
v 0.6606368831 0.88 -0.3052914271
v 0.7205771366 0.88 -0.45
v 0.8159283102 0.88 -0.5742640687
v 0.9257359313 0.88 -0.6840716898
v 1.05 0.88 -0.7794228634
v 1.194708573 0.88 -0.8393631169
v 1.344708573 0.88 -0.8795554958
v 1.5 0.88 -0.9
v 1.655291427 0.88 -0.8795554958
v 1.805291427 0.88 -0.8393631169
v 1.95 0.88 -0.7794228634
v 2.074264069 0.88 -0.6840716898
v 2.18407169 0.88 -0.5742640687
v 2.279422863 0.88 -0.45
v 2.339363117 0.88 -0.3052914271
v 2.379555496 0.88 -0.1552914271
v 2.28 0.84 0
v 2.26228143 0.84 0.1345859035
v 2.227448035 0.84 0.2645859035
v 2.175499815 0.84 0.39
v 2.092862131 0.84 0.4976955262
v 1.997695526 0.84 0.5928621312
v 1.89 0.84 0.675499815
v 1.764585903 0.84 0.7274480347
v 1.634585903 0.84 0.7622814297
v 1.5 0.84 0.78
v 1.365414097 0.84 0.7622814297
v 1.235414097 0.84 0.7274480347
v 1.11 0.84 0.675499815
v 1.002304474 0.84 0.5928621312
v 0.9071378688 0.84 0.4976955262
v 0.824500185 0.84 0.39
v 0.7725519653 0.84 0.2645859035
v 0.7377185703 0.84 0.1345859035
v 0.72 0.84 9.552245033e-17
v 0.7377185703 0.84 -0.1345859035
v 0.7725519653 0.84 -0.2645859035
v 0.824500185 0.84 -0.39
v 0.9071378688 0.84 -0.4976955262
v 1.002304474 0.84 -0.5928621312
v 1.11 0.84 -0.675499815
v 1.235414097 0.84 -0.7274480347
v 1.365414097 0.84 -0.7622814297
v 1.5 0.84 -0.78
v 1.634585903 0.84 -0.7622814297
v 1.764585903 0.84 -0.7274480347
v 1.89 0.84 -0.675499815
v 1.997695526 0.84 -0.5928621312
v 2.092862131 0.84 -0.4976955262
v 2.175499815 0.84 -0.39
v 2.227448035 0.84 -0.2645859035
v 2.26228143 0.84 -0.1345859035
v 2.28 0.76 0
v 2.26228143 0.76 0.1345859035
v 2.227448035 0.76 0.2645859035
v 2.175499815 0.76 0.39
v 2.092862131 0.76 0.4976955262
v 1.997695526 0.76 0.5928621312
v 1.89 0.76 0.675499815
v 1.764585903 0.76 0.7274480347
v 1.634585903 0.76 0.7622814297
v 1.5 0.76 0.78
v 1.365414097 0.76 0.7622814297
v 1.235414097 0.76 0.7274480347
v 1.11 0.76 0.675499815
v 1.002304474 0.76 0.5928621312
v 0.9071378688 0.76 0.4976955262
v 0.824500185 0.76 0.39
v 0.7725519653 0.76 0.2645859035
v 0.7377185703 0.76 0.1345859035
v 0.72 0.76 9.552245033e-17
v 0.7377185703 0.76 -0.1345859035
v 0.7725519653 0.76 -0.2645859035
v 0.824500185 0.76 -0.39
v 0.9071378688 0.76 -0.4976955262
v 1.002304474 0.76 -0.5928621312
v 1.11 0.76 -0.675499815
v 1.235414097 0.76 -0.7274480347
v 1.365414097 0.76 -0.7622814297
v 1.5 0.76 -0.78
v 1.634585903 0.76 -0.7622814297
v 1.764585903 0.76 -0.7274480347
v 1.89 0.76 -0.675499815
v 1.997695526 0.76 -0.5928621312
v 2.092862131 0.76 -0.4976955262
v 2.175499815 0.76 -0.39
v 2.227448035 0.76 -0.2645859035
v 2.26228143 0.76 -0.1345859035
v 2.4 0.72 0
v 2.379555496 0.72 0.1552914271
v 2.339363117 0.72 0.3052914271
v 2.279422863 0.72 0.45
v 2.18407169 0.72 0.5742640687
v 2.074264069 0.72 0.6840716898
v 1.95 0.72 0.7794228634
v 1.805291427 0.72 0.8393631169
v 1.655291427 0.72 0.8795554958
v 1.5 0.72 0.9
v 1.344708573 0.72 0.8795554958
v 1.194708573 0.72 0.8393631169
v 1.05 0.72 0.7794228634
v 0.9257359313 0.72 0.6840716898
v 0.8159283102 0.72 0.5742640687
v 0.7205771366 0.72 0.45
v 0.6606368831 0.72 0.3052914271
v 0.6204445042 0.72 0.1552914271
v 0.6 0.72 1.102182119e-16
v 0.6204445042 0.72 -0.1552914271
v 0.6606368831 0.72 -0.3052914271
v 0.7205771366 0.72 -0.45
v 0.8159283102 0.72 -0.5742640687
v 0.9257359313 0.72 -0.6840716898
v 1.05 0.72 -0.7794228634
v 1.194708573 0.72 -0.8393631169
v 1.344708573 0.72 -0.8795554958
v 1.5 0.72 -0.9
v 1.655291427 0.72 -0.8795554958
v 1.805291427 0.72 -0.8393631169
v 1.95 0.72 -0.7794228634
v 2.074264069 0.72 -0.6840716898
v 2.18407169 0.72 -0.5742640687
v 2.279422863 0.72 -0.45
v 2.339363117 0.72 -0.3052914271
v 2.379555496 0.72 -0.1552914271
v 2.4 0.28 0
v 2.379555496 0.28 0.1552914271
v 2.339363117 0.28 0.3052914271
v 2.279422863 0.28 0.45
v 2.18407169 0.28 0.5742640687
v 2.074264069 0.28 0.6840716898
v 1.95 0.28 0.7794228634
v 1.805291427 0.28 0.8393631169
v 1.655291427 0.28 0.8795554958
v 1.5 0.28 0.9
v 1.344708573 0.28 0.8795554958
v 1.194708573 0.28 0.8393631169
v 1.05 0.28 0.7794228634
v 0.9257359313 0.28 0.6840716898
v 0.8159283102 0.28 0.5742640687
v 0.7205771366 0.28 0.45
v 0.6606368831 0.28 0.3052914271
v 0.6204445042 0.28 0.1552914271
v 0.6 0.28 1.102182119e-16
v 0.6204445042 0.28 -0.1552914271
v 0.6606368831 0.28 -0.3052914271
v 0.7205771366 0.28 -0.45
v 0.8159283102 0.28 -0.5742640687
v 0.9257359313 0.28 -0.6840716898
v 1.05 0.28 -0.7794228634
v 1.194708573 0.28 -0.8393631169
v 1.344708573 0.28 -0.8795554958
v 1.5 0.28 -0.9
v 1.655291427 0.28 -0.8795554958
v 1.805291427 0.28 -0.8393631169
v 1.95 0.28 -0.7794228634
v 2.074264069 0.28 -0.6840716898
v 2.18407169 0.28 -0.5742640687
v 2.279422863 0.28 -0.45
v 2.339363117 0.28 -0.3052914271
v 2.379555496 0.28 -0.1552914271
v 2.4 0.12 0
v 2.379555496 0.12 0.1552914271
v 2.339363117 0.12 0.3052914271
v 2.279422863 0.12 0.45
v 2.18407169 0.12 0.5742640687
v 2.074264069 0.12 0.6840716898
v 1.95 0.12 0.7794228634
v 1.805291427 0.12 0.8393631169
v 1.655291427 0.12 0.8795554958
v 1.5 0.12 0.9
v 1.344708573 0.12 0.8795554958
v 1.194708573 0.12 0.8393631169
v 1.05 0.12 0.7794228634
v 0.9257359313 0.12 0.6840716898
v 0.8159283102 0.12 0.5742640687
v 0.7205771366 0.12 0.45
v 0.6606368831 0.12 0.3052914271
v 0.6204445042 0.12 0.1552914271
v 0.6 0.12 1.102182119e-16
v 0.6204445042 0.12 -0.1552914271
v 0.6606368831 0.12 -0.3052914271
v 0.7205771366 0.12 -0.45
v 0.8159283102 0.12 -0.5742640687
v 0.9257359313 0.12 -0.6840716898
v 1.05 0.12 -0.7794228634
v 1.194708573 0.12 -0.8393631169
v 1.344708573 0.12 -0.8795554958
v 1.5 0.12 -0.9
v 1.655291427 0.12 -0.8795554958
v 1.805291427 0.12 -0.8393631169
v 1.95 0.12 -0.7794228634
v 2.074264069 0.12 -0.6840716898
v 2.18407169 0.12 -0.5742640687
v 2.279422863 0.12 -0.45
v 2.339363117 0.12 -0.3052914271
v 2.379555496 0.12 -0.1552914271
v 2.28 0 0
v 2.26228143 0 0.1345859035
v 2.227448035 0 0.2645859035
v 2.175499815 0 0.39
v 2.092862131 0 0.4976955262
v 1.997695526 0 0.5928621312
v 1.89 0 0.675499815
v 1.764585903 0 0.7274480347
v 1.634585903 0 0.7622814297
v 1.5 0 0.78
v 1.365414097 0 0.7622814297
v 1.235414097 0 0.7274480347
v 1.11 0 0.675499815
v 1.002304474 0 0.5928621312
v 0.9071378688 0 0.4976955262
v 0.824500185 0 0.39
v 0.7725519653 0 0.2645859035
v 0.7377185703 0 0.1345859035
v 0.72 0 9.552245033e-17
v 0.7377185703 0 -0.1345859035
v 0.7725519653 0 -0.2645859035
v 0.824500185 0 -0.39
v 0.9071378688 0 -0.4976955262
v 1.002304474 0 -0.5928621312
v 1.11 0 -0.675499815
v 1.235414097 0 -0.7274480347
v 1.365414097 0 -0.7622814297
v 1.5 0 -0.78
v 1.634585903 0 -0.7622814297
v 1.764585903 0 -0.7274480347
v 1.89 0 -0.675499815
v 1.997695526 0 -0.5928621312
v 2.092862131 0 -0.4976955262
v 2.175499815 0 -0.39
v 2.227448035 0 -0.2645859035
v 2.26228143 0 -0.1345859035
vt 0.02 0.02
vt 0.045 0.02
vt 0.07 0.02
vt 0.095 0.02
vt 0.12 0.02
vt 0.145 0.02
vt 0.17 0.02
vt 0.195 0.02
vt 0.22 0.02
vt 0.245 0.02
vt 0.27 0.02
vt 0.295 0.02
vt 0.32 0.02
vt 0.345 0.02
vt 0.37 0.02
vt 0.395 0.02
vt 0.42 0.02
vt 0.445 0.02
vt 0.47 0.02
vt 0.495 0.02
vt 0.52 0.02
vt 0.545 0.02
vt 0.57 0.02
vt 0.595 0.02
vt 0.62 0.02
vt 0.02 0.08128302811
vt 0.045 0.08128302811
vt 0.07 0.08128302811
vt 0.095 0.08128302811
vt 0.12 0.08128302811
vt 0.145 0.08128302811
vt 0.17 0.08128302811
vt 0.195 0.08128302811
vt 0.22 0.08128302811
vt 0.245 0.08128302811
vt 0.27 0.08128302811
vt 0.295 0.08128302811
vt 0.32 0.08128302811
vt 0.345 0.08128302811
vt 0.37 0.08128302811
vt 0.395 0.08128302811
vt 0.42 0.08128302811
vt 0.445 0.08128302811
vt 0.47 0.08128302811
vt 0.495 0.08128302811
vt 0.52 0.08128302811
vt 0.545 0.08128302811
vt 0.57 0.08128302811
vt 0.595 0.08128302811
vt 0.62 0.08128302811
vt 0.02 0.1390612211
vt 0.045 0.1390612211
vt 0.07 0.1390612211
vt 0.095 0.1390612211
vt 0.12 0.1390612211
vt 0.145 0.1390612211
vt 0.17 0.1390612211
vt 0.195 0.1390612211
vt 0.22 0.1390612211
vt 0.245 0.1390612211
vt 0.27 0.1390612211
vt 0.295 0.1390612211
vt 0.32 0.1390612211
vt 0.345 0.1390612211
vt 0.37 0.1390612211
vt 0.395 0.1390612211
vt 0.42 0.1390612211
vt 0.445 0.1390612211
vt 0.47 0.1390612211
vt 0.495 0.1390612211
vt 0.52 0.1390612211
vt 0.545 0.1390612211
vt 0.57 0.1390612211
vt 0.595 0.1390612211
vt 0.62 0.1390612211
vt 0.02 0.2979512518
vt 0.045 0.2979512518
vt 0.07 0.2979512518
vt 0.095 0.2979512518
vt 0.12 0.2979512518
vt 0.145 0.2979512518
vt 0.17 0.2979512518
vt 0.195 0.2979512518
vt 0.22 0.2979512518
vt 0.245 0.2979512518
vt 0.27 0.2979512518
vt 0.295 0.2979512518
vt 0.32 0.2979512518
vt 0.345 0.2979512518
vt 0.37 0.2979512518
vt 0.395 0.2979512518
vt 0.42 0.2979512518
vt 0.445 0.2979512518
vt 0.47 0.2979512518
vt 0.495 0.2979512518
vt 0.52 0.2979512518
vt 0.545 0.2979512518
vt 0.57 0.2979512518
vt 0.595 0.2979512518
vt 0.62 0.2979512518
vt 0.02 0.3436289241
vt 0.045 0.3436289241
vt 0.07 0.3436289241
vt 0.095 0.3436289241
vt 0.12 0.3436289241
vt 0.145 0.3436289241
vt 0.17 0.3436289241
vt 0.195 0.3436289241
vt 0.22 0.3436289241
vt 0.245 0.3436289241
vt 0.27 0.3436289241
vt 0.295 0.3436289241
vt 0.32 0.3436289241
vt 0.345 0.3436289241
vt 0.37 0.3436289241
vt 0.395 0.3436289241
vt 0.42 0.3436289241
vt 0.445 0.3436289241
vt 0.47 0.3436289241
vt 0.495 0.3436289241
vt 0.52 0.3436289241
vt 0.545 0.3436289241
vt 0.57 0.3436289241
vt 0.595 0.3436289241
vt 0.62 0.3436289241
vt 0.02 0.3725180206
vt 0.045 0.3725180206
vt 0.07 0.3725180206
vt 0.095 0.3725180206
vt 0.12 0.3725180206
vt 0.145 0.3725180206
vt 0.17 0.3725180206
vt 0.195 0.3725180206
vt 0.22 0.3725180206
vt 0.245 0.3725180206
vt 0.27 0.3725180206
vt 0.295 0.3725180206
vt 0.32 0.3725180206
vt 0.345 0.3725180206
vt 0.37 0.3725180206
vt 0.395 0.3725180206
vt 0.42 0.3725180206
vt 0.445 0.3725180206
vt 0.47 0.3725180206
vt 0.495 0.3725180206
vt 0.52 0.3725180206
vt 0.545 0.3725180206
vt 0.57 0.3725180206
vt 0.595 0.3725180206
vt 0.62 0.3725180206
vt 0.02 0.4181956928
vt 0.045 0.4181956928
vt 0.07 0.4181956928
vt 0.095 0.4181956928
vt 0.12 0.4181956928
vt 0.145 0.4181956928
vt 0.17 0.4181956928
vt 0.195 0.4181956928
vt 0.22 0.4181956928
vt 0.245 0.4181956928
vt 0.27 0.4181956928
vt 0.295 0.4181956928
vt 0.32 0.4181956928
vt 0.345 0.4181956928
vt 0.37 0.4181956928
vt 0.395 0.4181956928
vt 0.42 0.4181956928
vt 0.445 0.4181956928
vt 0.47 0.4181956928
vt 0.495 0.4181956928
vt 0.52 0.4181956928
vt 0.545 0.4181956928
vt 0.57 0.4181956928
vt 0.595 0.4181956928
vt 0.62 0.4181956928
vt 0.02 0.5698634494
vt 0.045 0.5698634494
vt 0.07 0.5698634494
vt 0.095 0.5698634494
vt 0.12 0.5698634494
vt 0.145 0.5698634494
vt 0.17 0.5698634494
vt 0.195 0.5698634494
vt 0.22 0.5698634494
vt 0.245 0.5698634494
vt 0.27 0.5698634494
vt 0.295 0.5698634494
vt 0.32 0.5698634494
vt 0.345 0.5698634494
vt 0.37 0.5698634494
vt 0.395 0.5698634494
vt 0.42 0.5698634494
vt 0.445 0.5698634494
vt 0.47 0.5698634494
vt 0.495 0.5698634494
vt 0.52 0.5698634494
vt 0.545 0.5698634494
vt 0.57 0.5698634494
vt 0.595 0.5698634494
vt 0.62 0.5698634494
vt 0.02 0.6348639165
vt 0.045 0.6348639165
vt 0.07 0.6348639165
vt 0.095 0.6348639165
vt 0.12 0.6348639165
vt 0.145 0.6348639165
vt 0.17 0.6348639165
vt 0.195 0.6348639165
vt 0.22 0.6348639165
vt 0.245 0.6348639165
vt 0.27 0.6348639165
vt 0.295 0.6348639165
vt 0.32 0.6348639165
vt 0.345 0.6348639165
vt 0.37 0.6348639165
vt 0.395 0.6348639165
vt 0.42 0.6348639165
vt 0.445 0.6348639165
vt 0.47 0.6348639165
vt 0.495 0.6348639165
vt 0.52 0.6348639165
vt 0.545 0.6348639165
vt 0.57 0.6348639165
vt 0.595 0.6348639165
vt 0.62 0.6348639165
vt 0.02 0.7612537137
vt 0.045 0.7612537137
vt 0.07 0.7612537137
vt 0.095 0.7612537137
vt 0.12 0.7612537137
vt 0.145 0.7612537137
vt 0.17 0.7612537137
vt 0.195 0.7612537137
vt 0.22 0.7612537137
vt 0.245 0.7612537137
vt 0.27 0.7612537137
vt 0.295 0.7612537137
vt 0.32 0.7612537137
vt 0.345 0.7612537137
vt 0.37 0.7612537137
vt 0.395 0.7612537137
vt 0.42 0.7612537137
vt 0.445 0.7612537137
vt 0.47 0.7612537137
vt 0.495 0.7612537137
vt 0.52 0.7612537137
vt 0.545 0.7612537137
vt 0.57 0.7612537137
vt 0.595 0.7612537137
vt 0.62 0.7612537137
vt 0.02 0.8045873585
vt 0.045 0.8045873585
vt 0.07 0.8045873585
vt 0.095 0.8045873585
vt 0.12 0.8045873585
vt 0.145 0.8045873585
vt 0.17 0.8045873585
vt 0.195 0.8045873585
vt 0.22 0.8045873585
vt 0.245 0.8045873585
vt 0.27 0.8045873585
vt 0.295 0.8045873585
vt 0.32 0.8045873585
vt 0.345 0.8045873585
vt 0.37 0.8045873585
vt 0.395 0.8045873585
vt 0.42 0.8045873585
vt 0.445 0.8045873585
vt 0.47 0.8045873585
vt 0.495 0.8045873585
vt 0.52 0.8045873585
vt 0.545 0.8045873585
vt 0.57 0.8045873585
vt 0.595 0.8045873585
vt 0.62 0.8045873585
vt 0.02 0.9237548815
vt 0.045 0.9237548815
vt 0.07 0.9237548815
vt 0.095 0.9237548815
vt 0.12 0.9237548815
vt 0.145 0.9237548815
vt 0.17 0.9237548815
vt 0.195 0.9237548815
vt 0.22 0.9237548815
vt 0.245 0.9237548815
vt 0.27 0.9237548815
vt 0.295 0.9237548815
vt 0.32 0.9237548815
vt 0.345 0.9237548815
vt 0.37 0.9237548815
vt 0.395 0.9237548815
vt 0.42 0.9237548815
vt 0.445 0.9237548815
vt 0.47 0.9237548815
vt 0.495 0.9237548815
vt 0.52 0.9237548815
vt 0.545 0.9237548815
vt 0.57 0.9237548815
vt 0.595 0.9237548815
vt 0.62 0.9237548815
vt 0.02 0.97
vt 0.045 0.97
vt 0.07 0.97
vt 0.095 0.97
vt 0.12 0.97
vt 0.145 0.97
vt 0.17 0.97
vt 0.195 0.97
vt 0.22 0.97
vt 0.245 0.97
vt 0.27 0.97
vt 0.295 0.97
vt 0.32 0.97
vt 0.345 0.97
vt 0.37 0.97
vt 0.395 0.97
vt 0.42 0.97
vt 0.445 0.97
vt 0.47 0.97
vt 0.495 0.97
vt 0.52 0.97
vt 0.545 0.97
vt 0.57 0.97
vt 0.595 0.97
vt 0.62 0.97
vt 0.96 0.25
vt 0.9548888739 0.2888228568
vt 0.9399038106 0.325
vt 0.9160660172 0.3560660172
vt 0.885 0.3799038106
vt 0.8488228568 0.3948888739
vt 0.81 0.4
vt 0.7711771432 0.3948888739
vt 0.735 0.3799038106
vt 0.7039339828 0.3560660172
vt 0.6800961894 0.325
vt 0.6651111261 0.2888228568
vt 0.66 0.25
vt 0.6651111261 0.2111771432
vt 0.6800961894 0.175
vt 0.7039339828 0.1439339828
vt 0.735 0.1200961894
vt 0.7711771432 0.1051111261
vt 0.81 0.1
vt 0.8488228568 0.1051111261
vt 0.885 0.1200961894
vt 0.9160660172 0.1439339828
vt 0.9399038106 0.175
vt 0.9548888739 0.2111771432
vt 0.96 0.73
vt 0.9548888739 0.7688228568
vt 0.9399038106 0.805
vt 0.9160660172 0.8360660172
vt 0.885 0.8599038106
vt 0.8488228568 0.8748888739
vt 0.81 0.88
vt 0.7711771432 0.8748888739
vt 0.735 0.8599038106
vt 0.7039339828 0.8360660172
vt 0.6800961894 0.805
vt 0.6651111261 0.7688228568
vt 0.66 0.73
vt 0.6651111261 0.6911771432
vt 0.6800961894 0.655
vt 0.7039339828 0.6239339828
vt 0.735 0.6000961894
vt 0.7711771432 0.5851111261
vt 0.81 0.58
vt 0.8488228568 0.5851111261
vt 0.885 0.6000961894
vt 0.9160660172 0.6239339828
vt 0.9399038106 0.655
vt 0.9548888739 0.6911771432
vt 0.03666666667 0.97
vt 0.03666666667 0.9237548815
vt 0.05333333333 0.97
vt 0.05333333333 0.9237548815
vt 0.08666666667 0.97
vt 0.08666666667 0.9237548815
vt 0.1033333333 0.97
vt 0.1033333333 0.9237548815
vt 0.1366666667 0.97
vt 0.1366666667 0.9237548815
vt 0.1533333333 0.97
vt 0.1533333333 0.9237548815
vt 0.1866666667 0.97
vt 0.1866666667 0.9237548815
vt 0.2033333333 0.97
vt 0.2033333333 0.9237548815
vt 0.2366666667 0.97
vt 0.2366666667 0.9237548815
vt 0.2533333333 0.97
vt 0.2533333333 0.9237548815
vt 0.2866666667 0.97
vt 0.2866666667 0.9237548815
vt 0.3033333333 0.97
vt 0.3033333333 0.9237548815
vt 0.3366666667 0.97
vt 0.3366666667 0.9237548815
vt 0.3533333333 0.97
vt 0.3533333333 0.9237548815
vt 0.3866666667 0.97
vt 0.3866666667 0.9237548815
vt 0.4033333333 0.97
vt 0.4033333333 0.9237548815
vt 0.4366666667 0.97
vt 0.4366666667 0.9237548815
vt 0.4533333333 0.97
vt 0.4533333333 0.9237548815
vt 0.4866666667 0.97
vt 0.4866666667 0.9237548815
vt 0.5033333333 0.97
vt 0.5033333333 0.9237548815
vt 0.5366666667 0.97
vt 0.5366666667 0.9237548815
vt 0.5533333333 0.97
vt 0.5533333333 0.9237548815
vt 0.5866666667 0.97
vt 0.5866666667 0.9237548815
vt 0.6033333333 0.97
vt 0.6033333333 0.9237548815
vt 0.03666666667 0.8045873585
vt 0.05333333333 0.8045873585
vt 0.08666666667 0.8045873585
vt 0.1033333333 0.8045873585
vt 0.1366666667 0.8045873585
vt 0.1533333333 0.8045873585
vt 0.1866666667 0.8045873585
vt 0.2033333333 0.8045873585
vt 0.2366666667 0.8045873585
vt 0.2533333333 0.8045873585
vt 0.2866666667 0.8045873585
vt 0.3033333333 0.8045873585
vt 0.3366666667 0.8045873585
vt 0.3533333333 0.8045873585
vt 0.3866666667 0.8045873585
vt 0.4033333333 0.8045873585
vt 0.4366666667 0.8045873585
vt 0.4533333333 0.8045873585
vt 0.4866666667 0.8045873585
vt 0.5033333333 0.8045873585
vt 0.5366666667 0.8045873585
vt 0.5533333333 0.8045873585
vt 0.5866666667 0.8045873585
vt 0.6033333333 0.8045873585
vt 0.03666666667 0.7612537137
vt 0.05333333333 0.7612537137
vt 0.08666666667 0.7612537137
vt 0.1033333333 0.7612537137
vt 0.1366666667 0.7612537137
vt 0.1533333333 0.7612537137
vt 0.1866666667 0.7612537137
vt 0.2033333333 0.7612537137
vt 0.2366666667 0.7612537137
vt 0.2533333333 0.7612537137
vt 0.2866666667 0.7612537137
vt 0.3033333333 0.7612537137
vt 0.3366666667 0.7612537137
vt 0.3533333333 0.7612537137
vt 0.3866666667 0.7612537137
vt 0.4033333333 0.7612537137
vt 0.4366666667 0.7612537137
vt 0.4533333333 0.7612537137
vt 0.4866666667 0.7612537137
vt 0.5033333333 0.7612537137
vt 0.5366666667 0.7612537137
vt 0.5533333333 0.7612537137
vt 0.5866666667 0.7612537137
vt 0.6033333333 0.7612537137
vt 0.03666666667 0.6348639165
vt 0.05333333333 0.6348639165
vt 0.08666666667 0.6348639165
vt 0.1033333333 0.6348639165
vt 0.1366666667 0.6348639165
vt 0.1533333333 0.6348639165
vt 0.1866666667 0.6348639165
vt 0.2033333333 0.6348639165
vt 0.2366666667 0.6348639165
vt 0.2533333333 0.6348639165
vt 0.2866666667 0.6348639165
vt 0.3033333333 0.6348639165
vt 0.3366666667 0.6348639165
vt 0.3533333333 0.6348639165
vt 0.3866666667 0.6348639165
vt 0.4033333333 0.6348639165
vt 0.4366666667 0.6348639165
vt 0.4533333333 0.6348639165
vt 0.4866666667 0.6348639165
vt 0.5033333333 0.6348639165
vt 0.5366666667 0.6348639165
vt 0.5533333333 0.6348639165
vt 0.5866666667 0.6348639165
vt 0.6033333333 0.6348639165
vt 0.03666666667 0.5698634494
vt 0.05333333333 0.5698634494
vt 0.08666666667 0.5698634494
vt 0.1033333333 0.5698634494
vt 0.1366666667 0.5698634494
vt 0.1533333333 0.5698634494
vt 0.1866666667 0.5698634494
vt 0.2033333333 0.5698634494
vt 0.2366666667 0.5698634494
vt 0.2533333333 0.5698634494
vt 0.2866666667 0.5698634494
vt 0.3033333333 0.5698634494
vt 0.3366666667 0.5698634494
vt 0.3533333333 0.5698634494
vt 0.3866666667 0.5698634494
vt 0.4033333333 0.5698634494
vt 0.4366666667 0.5698634494
vt 0.4533333333 0.5698634494
vt 0.4866666667 0.5698634494
vt 0.5033333333 0.5698634494
vt 0.5366666667 0.5698634494
vt 0.5533333333 0.5698634494
vt 0.5866666667 0.5698634494
vt 0.6033333333 0.5698634494
vt 0.03666666667 0.4181956928
vt 0.05333333333 0.4181956928
vt 0.08666666667 0.4181956928
vt 0.1033333333 0.4181956928
vt 0.1366666667 0.4181956928
vt 0.1533333333 0.4181956928
vt 0.1866666667 0.4181956928
vt 0.2033333333 0.4181956928
vt 0.2366666667 0.4181956928
vt 0.2533333333 0.4181956928
vt 0.2866666667 0.4181956928
vt 0.3033333333 0.4181956928
vt 0.3366666667 0.4181956928
vt 0.3533333333 0.4181956928
vt 0.3866666667 0.4181956928
vt 0.4033333333 0.4181956928
vt 0.4366666667 0.4181956928
vt 0.4533333333 0.4181956928
vt 0.4866666667 0.4181956928
vt 0.5033333333 0.4181956928
vt 0.5366666667 0.4181956928
vt 0.5533333333 0.4181956928
vt 0.5866666667 0.4181956928
vt 0.6033333333 0.4181956928
vt 0.03666666667 0.3725180206
vt 0.05333333333 0.3725180206
vt 0.08666666667 0.3725180206
vt 0.1033333333 0.3725180206
vt 0.1366666667 0.3725180206
vt 0.1533333333 0.3725180206
vt 0.1866666667 0.3725180206
vt 0.2033333333 0.3725180206
vt 0.2366666667 0.3725180206
vt 0.2533333333 0.3725180206
vt 0.2866666667 0.3725180206
vt 0.3033333333 0.3725180206
vt 0.3366666667 0.3725180206
vt 0.3533333333 0.3725180206
vt 0.3866666667 0.3725180206
vt 0.4033333333 0.3725180206
vt 0.4366666667 0.3725180206
vt 0.4533333333 0.3725180206
vt 0.4866666667 0.3725180206
vt 0.5033333333 0.3725180206
vt 0.5366666667 0.3725180206
vt 0.5533333333 0.3725180206
vt 0.5866666667 0.3725180206
vt 0.6033333333 0.3725180206
vt 0.03666666667 0.3436289241
vt 0.05333333333 0.3436289241
vt 0.08666666667 0.3436289241
vt 0.1033333333 0.3436289241
vt 0.1366666667 0.3436289241
vt 0.1533333333 0.3436289241
vt 0.1866666667 0.3436289241
vt 0.2033333333 0.3436289241
vt 0.2366666667 0.3436289241
vt 0.2533333333 0.3436289241
vt 0.2866666667 0.3436289241
vt 0.3033333333 0.3436289241
vt 0.3366666667 0.3436289241
vt 0.3533333333 0.3436289241
vt 0.3866666667 0.3436289241
vt 0.4033333333 0.3436289241
vt 0.4366666667 0.3436289241
vt 0.4533333333 0.3436289241
vt 0.4866666667 0.3436289241
vt 0.5033333333 0.3436289241
vt 0.5366666667 0.3436289241
vt 0.5533333333 0.3436289241
vt 0.5866666667 0.3436289241
vt 0.6033333333 0.3436289241
vt 0.03666666667 0.2979512518
vt 0.05333333333 0.2979512518
vt 0.08666666667 0.2979512518
vt 0.1033333333 0.2979512518
vt 0.1366666667 0.2979512518
vt 0.1533333333 0.2979512518
vt 0.1866666667 0.2979512518
vt 0.2033333333 0.2979512518
vt 0.2366666667 0.2979512518
vt 0.2533333333 0.2979512518
vt 0.2866666667 0.2979512518
vt 0.3033333333 0.2979512518
vt 0.3366666667 0.2979512518
vt 0.3533333333 0.2979512518
vt 0.3866666667 0.2979512518
vt 0.4033333333 0.2979512518
vt 0.4366666667 0.2979512518
vt 0.4533333333 0.2979512518
vt 0.4866666667 0.2979512518
vt 0.5033333333 0.2979512518
vt 0.5366666667 0.2979512518
vt 0.5533333333 0.2979512518
vt 0.5866666667 0.2979512518
vt 0.6033333333 0.2979512518
vt 0.03666666667 0.1390612211
vt 0.05333333333 0.1390612211
vt 0.08666666667 0.1390612211
vt 0.1033333333 0.1390612211
vt 0.1366666667 0.1390612211
vt 0.1533333333 0.1390612211
vt 0.1866666667 0.1390612211
vt 0.2033333333 0.1390612211
vt 0.2366666667 0.1390612211
vt 0.2533333333 0.1390612211
vt 0.2866666667 0.1390612211
vt 0.3033333333 0.1390612211
vt 0.3366666667 0.1390612211
vt 0.3533333333 0.1390612211
vt 0.3866666667 0.1390612211
vt 0.4033333333 0.1390612211
vt 0.4366666667 0.1390612211
vt 0.4533333333 0.1390612211
vt 0.4866666667 0.1390612211
vt 0.5033333333 0.1390612211
vt 0.5366666667 0.1390612211
vt 0.5533333333 0.1390612211
vt 0.5866666667 0.1390612211
vt 0.6033333333 0.1390612211
vt 0.03666666667 0.08128302811
vt 0.05333333333 0.08128302811
vt 0.08666666667 0.08128302811
vt 0.1033333333 0.08128302811
vt 0.1366666667 0.08128302811
vt 0.1533333333 0.08128302811
vt 0.1866666667 0.08128302811
vt 0.2033333333 0.08128302811
vt 0.2366666667 0.08128302811
vt 0.2533333333 0.08128302811
vt 0.2866666667 0.08128302811
vt 0.3033333333 0.08128302811
vt 0.3366666667 0.08128302811
vt 0.3533333333 0.08128302811
vt 0.3866666667 0.08128302811
vt 0.4033333333 0.08128302811
vt 0.4366666667 0.08128302811
vt 0.4533333333 0.08128302811
vt 0.4866666667 0.08128302811
vt 0.5033333333 0.08128302811
vt 0.5366666667 0.08128302811
vt 0.5533333333 0.08128302811
vt 0.5866666667 0.08128302811
vt 0.6033333333 0.08128302811
vt 0.03666666667 0.02
vt 0.05333333333 0.02
vt 0.08666666667 0.02
vt 0.1033333333 0.02
vt 0.1366666667 0.02
vt 0.1533333333 0.02
vt 0.1866666667 0.02
vt 0.2033333333 0.02
vt 0.2366666667 0.02
vt 0.2533333333 0.02
vt 0.2866666667 0.02
vt 0.3033333333 0.02
vt 0.3366666667 0.02
vt 0.3533333333 0.02
vt 0.3866666667 0.02
vt 0.4033333333 0.02
vt 0.4366666667 0.02
vt 0.4533333333 0.02
vt 0.4866666667 0.02
vt 0.5033333333 0.02
vt 0.5366666667 0.02
vt 0.5533333333 0.02
vt 0.5866666667 0.02
vt 0.6033333333 0.02
vt 0.9565925826 0.7558819045
vt 0.9498938528 0.7808819045
vt 0.9240119483 0.8257106781
vt 0.9057106781 0.8440119483
vt 0.8608819045 0.8698938528
vt 0.8358819045 0.8765925826
vt 0.7841180955 0.8765925826
vt 0.7591180955 0.8698938528
vt 0.7142893219 0.8440119483
vt 0.6959880517 0.8257106781
vt 0.6701061472 0.7808819045
vt 0.6634074174 0.7558819045
vt 0.6634074174 0.7041180955
vt 0.6701061472 0.6791180955
vt 0.6959880517 0.6342893219
vt 0.7142893219 0.6159880517
vt 0.7591180955 0.5901061472
vt 0.7841180955 0.5834074174
vt 0.8358819045 0.5834074174
vt 0.8608819045 0.5901061472
vt 0.9057106781 0.6159880517
vt 0.9240119483 0.6342893219
vt 0.9498938528 0.6791180955
vt 0.9565925826 0.7041180955
vt 0.9565925826 0.2758819045
vt 0.9498938528 0.3008819045
vt 0.9240119483 0.3457106781
vt 0.9057106781 0.3640119483
vt 0.8608819045 0.3898938528
vt 0.8358819045 0.3965925826
vt 0.7841180955 0.3965925826
vt 0.7591180955 0.3898938528
vt 0.7142893219 0.3640119483
vt 0.6959880517 0.3457106781
vt 0.6701061472 0.3008819045
vt 0.6634074174 0.2758819045
vt 0.6634074174 0.2241180955
vt 0.6701061472 0.1991180955
vt 0.6959880517 0.1542893219
vt 0.7142893219 0.1359880517
vt 0.7591180955 0.1101061472
vt 0.7841180955 0.1034074174
vt 0.8358819045 0.1034074174
vt 0.8608819045 0.1101061472
vt 0.9057106781 0.1359880517
vt 0.9240119483 0.1542893219
vt 0.9498938528 0.1991180955
vt 0.9565925826 0.2241180955
s 1
f 781/1227 782/1300 818/1301 817/1202
f 782/1300 783/1302 819/1303 818/1301
f 783/1302 784/1229 820/1204 819/1303
f 784/1229 785/1304 821/1305 820/1204
f 785/1304 786/1306 822/1307 821/1305
f 786/1306 787/1231 823/1206 822/1307
f 787/1231 788/1308 824/1309 823/1206
f 788/1308 789/1310 825/1311 824/1309
f 789/1310 790/1233 826/1208 825/1311
f 790/1233 791/1312 827/1313 826/1208
f 791/1312 792/1314 828/1315 827/1313
f 792/1314 793/1235 829/1210 828/1315
f 793/1235 794/1316 830/1317 829/1210
f 794/1316 795/1318 831/1319 830/1317
f 795/1318 796/1237 832/1212 831/1319
f 796/1237 797/1320 833/1321 832/1212
f 797/1320 798/1322 834/1323 833/1321
f 798/1322 799/1239 835/1214 834/1323
f 799/1239 800/1324 836/1325 835/1214
f 800/1324 801/1326 837/1327 836/1325
f 801/1326 802/1241 838/1216 837/1327
f 802/1241 803/1328 839/1329 838/1216
f 803/1328 804/1330 840/1331 839/1329
f 804/1330 805/1243 841/1218 840/1331
f 805/1243 806/1332 842/1333 841/1218
f 806/1332 807/1334 843/1335 842/1333
f 807/1334 808/1245 844/1220 843/1335
f 808/1245 809/1336 845/1337 844/1220
f 809/1336 810/1338 846/1339 845/1337
f 810/1338 811/1247 847/1222 846/1339
f 811/1247 812/1340 848/1341 847/1222
f 812/1340 813/1342 849/1343 848/1341
f 813/1342 814/1249 850/1224 849/1343
f 814/1249 815/1344 851/1345 850/1224
f 815/1344 816/1346 852/1347 851/1345
f 816/1346 781/1251 817/1226 852/1347
f 817/1202 818/1301 854/1348 853/1177
f 818/1301 819/1303 855/1349 854/1348
f 819/1303 820/1204 856/1179 855/1349
f 820/1204 821/1305 857/1350 856/1179
f 821/1305 822/1307 858/1351 857/1350
f 822/1307 823/1206 859/1181 858/1351
f 823/1206 824/1309 860/1352 859/1181
f 824/1309 825/1311 861/1353 860/1352
f 825/1311 826/1208 862/1183 861/1353
f 826/1208 827/1313 863/1354 862/1183
f 827/1313 828/1315 864/1355 863/1354
f 828/1315 829/1210 865/1185 864/1355
f 829/1210 830/1317 866/1356 865/1185
f 830/1317 831/1319 867/1357 866/1356
f 831/1319 832/1212 868/1187 867/1357
f 832/1212 833/1321 869/1358 868/1187
f 833/1321 834/1323 870/1359 869/1358
f 834/1323 835/1214 871/1189 870/1359
f 835/1214 836/1325 872/1360 871/1189
f 836/1325 837/1327 873/1361 872/1360
f 837/1327 838/1216 874/1191 873/1361
f 838/1216 839/1329 875/1362 874/1191
f 839/1329 840/1331 876/1363 875/1362
f 840/1331 841/1218 877/1193 876/1363
f 841/1218 842/1333 878/1364 877/1193
f 842/1333 843/1335 879/1365 878/1364
f 843/1335 844/1220 880/1195 879/1365
f 844/1220 845/1337 881/1366 880/1195
f 845/1337 846/1339 882/1367 881/1366
f 846/1339 847/1222 883/1197 882/1367
f 847/1222 848/1341 884/1368 883/1197
f 848/1341 849/1343 885/1369 884/1368
f 849/1343 850/1224 886/1199 885/1369
f 850/1224 851/1345 887/1370 886/1199
f 851/1345 852/1347 888/1371 887/1370
f 852/1347 817/1226 853/1201 888/1371
f 853/1177 854/1348 890/1372 889/1152
f 854/1348 855/1349 891/1373 890/1372
f 855/1349 856/1179 892/1154 891/1373
f 856/1179 857/1350 893/1374 892/1154
f 857/1350 858/1351 894/1375 893/1374
f 858/1351 859/1181 895/1156 894/1375
f 859/1181 860/1352 896/1376 895/1156
f 860/1352 861/1353 897/1377 896/1376
f 861/1353 862/1183 898/1158 897/1377
f 862/1183 863/1354 899/1378 898/1158
f 863/1354 864/1355 900/1379 899/1378
f 864/1355 865/1185 901/1160 900/1379
f 865/1185 866/1356 902/1380 901/1160
f 866/1356 867/1357 903/1381 902/1380
f 867/1357 868/1187 904/1162 903/1381
f 868/1187 869/1358 905/1382 904/1162
f 869/1358 870/1359 906/1383 905/1382
f 870/1359 871/1189 907/1164 906/1383
f 871/1189 872/1360 908/1384 907/1164
f 872/1360 873/1361 909/1385 908/1384
f 873/1361 874/1191 910/1166 909/1385
f 874/1191 875/1362 911/1386 910/1166
f 875/1362 876/1363 912/1387 911/1386
f 876/1363 877/1193 913/1168 912/1387
f 877/1193 878/1364 914/1388 913/1168
f 878/1364 879/1365 915/1389 914/1388
f 879/1365 880/1195 916/1170 915/1389
f 880/1195 881/1366 917/1390 916/1170
f 881/1366 882/1367 918/1391 917/1390
f 882/1367 883/1197 919/1172 918/1391
f 883/1197 884/1368 920/1392 919/1172
f 884/1368 885/1369 921/1393 920/1392
f 885/1369 886/1199 922/1174 921/1393
f 886/1199 887/1370 923/1394 922/1174
f 887/1370 888/1371 924/1395 923/1394
f 888/1371 853/1201 889/1176 924/1395
f 889/1152 890/1372 926/1396 925/1127
f 890/1372 891/1373 927/1397 926/1396
f 891/1373 892/1154 928/1129 927/1397
f 892/1154 893/1374 929/1398 928/1129
f 893/1374 894/1375 930/1399 929/1398
f 894/1375 895/1156 931/1131 930/1399
f 895/1156 896/1376 932/1400 931/1131
f 896/1376 897/1377 933/1401 932/1400
f 897/1377 898/1158 934/1133 933/1401
f 898/1158 899/1378 935/1402 934/1133
f 899/1378 900/1379 936/1403 935/1402
f 900/1379 901/1160 937/1135 936/1403
f 901/1160 902/1380 938/1404 937/1135
f 902/1380 903/1381 939/1405 938/1404
f 903/1381 904/1162 940/1137 939/1405
f 904/1162 905/1382 941/1406 940/1137
f 905/1382 906/1383 942/1407 941/1406
f 906/1383 907/1164 943/1139 942/1407
f 907/1164 908/1384 944/1408 943/1139
f 908/1384 909/1385 945/1409 944/1408
f 909/1385 910/1166 946/1141 945/1409
f 910/1166 911/1386 947/1410 946/1141
f 911/1386 912/1387 948/1411 947/1410
f 912/1387 913/1168 949/1143 948/1411
f 913/1168 914/1388 950/1412 949/1143
f 914/1388 915/1389 951/1413 950/1412
f 915/1389 916/1170 952/1145 951/1413
f 916/1170 917/1390 953/1414 952/1145
f 917/1390 918/1391 954/1415 953/1414
f 918/1391 919/1172 955/1147 954/1415
f 919/1172 920/1392 956/1416 955/1147
f 920/1392 921/1393 957/1417 956/1416
f 921/1393 922/1174 958/1149 957/1417
f 922/1174 923/1394 959/1418 958/1149
f 923/1394 924/1395 960/1419 959/1418
f 924/1395 889/1176 925/1151 960/1419
f 925/1127 926/1396 962/1420 961/1102
f 926/1396 927/1397 963/1421 962/1420
f 927/1397 928/1129 964/1104 963/1421
f 928/1129 929/1398 965/1422 964/1104
f 929/1398 930/1399 966/1423 965/1422
f 930/1399 931/1131 967/1106 966/1423
f 931/1131 932/1400 968/1424 967/1106
f 932/1400 933/1401 969/1425 968/1424
f 933/1401 934/1133 970/1108 969/1425
f 934/1133 935/1402 971/1426 970/1108
f 935/1402 936/1403 972/1427 971/1426
f 936/1403 937/1135 973/1110 972/1427
f 937/1135 938/1404 974/1428 973/1110
f 938/1404 939/1405 975/1429 974/1428
f 939/1405 940/1137 976/1112 975/1429
f 940/1137 941/1406 977/1430 976/1112
f 941/1406 942/1407 978/1431 977/1430
f 942/1407 943/1139 979/1114 978/1431
f 943/1139 944/1408 980/1432 979/1114
f 944/1408 945/1409 981/1433 980/1432
f 945/1409 946/1141 982/1116 981/1433
f 946/1141 947/1410 983/1434 982/1116
f 947/1410 948/1411 984/1435 983/1434
f 948/1411 949/1143 985/1118 984/1435
f 949/1143 950/1412 986/1436 985/1118
f 950/1412 951/1413 987/1437 986/1436
f 951/1413 952/1145 988/1120 987/1437
f 952/1145 953/1414 989/1438 988/1120
f 953/1414 954/1415 990/1439 989/1438
f 954/1415 955/1147 991/1122 990/1439
f 955/1147 956/1416 992/1440 991/1122
f 956/1416 957/1417 993/1441 992/1440
f 957/1417 958/1149 994/1124 993/1441
f 958/1149 959/1418 995/1442 994/1124
f 959/1418 960/1419 996/1443 995/1442
f 960/1419 925/1151 961/1126 996/1443
f 961/1102 962/1420 998/1444 997/1077
f 962/1420 963/1421 999/1445 998/1444
f 963/1421 964/1104 1000/1079 999/1445
f 964/1104 965/1422 1001/1446 1000/1079
f 965/1422 966/1423 1002/1447 1001/1446
f 966/1423 967/1106 1003/1081 1002/1447
f 967/1106 968/1424 1004/1448 1003/1081
f 968/1424 969/1425 1005/1449 1004/1448
f 969/1425 970/1108 1006/1083 1005/1449
f 970/1108 971/1426 1007/1450 1006/1083
f 971/1426 972/1427 1008/1451 1007/1450
f 972/1427 973/1110 1009/1085 1008/1451
f 973/1110 974/1428 1010/1452 1009/1085
f 974/1428 975/1429 1011/1453 1010/1452
f 975/1429 976/1112 1012/1087 1011/1453
f 976/1112 977/1430 1013/1454 1012/1087
f 977/1430 978/1431 1014/1455 1013/1454
f 978/1431 979/1114 1015/1089 1014/1455
f 979/1114 980/1432 1016/1456 1015/1089
f 980/1432 981/1433 1017/1457 1016/1456
f 981/1433 982/1116 1018/1091 1017/1457
f 982/1116 983/1434 1019/1458 1018/1091
f 983/1434 984/1435 1020/1459 1019/1458
f 984/1435 985/1118 1021/1093 1020/1459
f 985/1118 986/1436 1022/1460 1021/1093
f 986/1436 987/1437 1023/1461 1022/1460
f 987/1437 988/1120 1024/1095 1023/1461
f 988/1120 989/1438 1025/1462 1024/1095
f 989/1438 990/1439 1026/1463 1025/1462
f 990/1439 991/1122 1027/1097 1026/1463
f 991/1122 992/1440 1028/1464 1027/1097
f 992/1440 993/1441 1029/1465 1028/1464
f 993/1441 994/1124 1030/1099 1029/1465
f 994/1124 995/1442 1031/1466 1030/1099
f 995/1442 996/1443 1032/1467 1031/1466
f 996/1443 961/1126 997/1101 1032/1467
f 997/1077 998/1444 1034/1468 1033/1052
f 998/1444 999/1445 1035/1469 1034/1468
f 999/1445 1000/1079 1036/1054 1035/1469
f 1000/1079 1001/1446 1037/1470 1036/1054
f 1001/1446 1002/1447 1038/1471 1037/1470
f 1002/1447 1003/1081 1039/1056 1038/1471
f 1003/1081 1004/1448 1040/1472 1039/1056
f 1004/1448 1005/1449 1041/1473 1040/1472
f 1005/1449 1006/1083 1042/1058 1041/1473
f 1006/1083 1007/1450 1043/1474 1042/1058
f 1007/1450 1008/1451 1044/1475 1043/1474
f 1008/1451 1009/1085 1045/1060 1044/1475
f 1009/1085 1010/1452 1046/1476 1045/1060
f 1010/1452 1011/1453 1047/1477 1046/1476
f 1011/1453 1012/1087 1048/1062 1047/1477
f 1012/1087 1013/1454 1049/1478 1048/1062
f 1013/1454 1014/1455 1050/1479 1049/1478
f 1014/1455 1015/1089 1051/1064 1050/1479
f 1015/1089 1016/1456 1052/1480 1051/1064
f 1016/1456 1017/1457 1053/1481 1052/1480
f 1017/1457 1018/1091 1054/1066 1053/1481
f 1018/1091 1019/1458 1055/1482 1054/1066
f 1019/1458 1020/1459 1056/1483 1055/1482
f 1020/1459 1021/1093 1057/1068 1056/1483
f 1021/1093 1022/1460 1058/1484 1057/1068
f 1022/1460 1023/1461 1059/1485 1058/1484
f 1023/1461 1024/1095 1060/1070 1059/1485
f 1024/1095 1025/1462 1061/1486 1060/1070
f 1025/1462 1026/1463 1062/1487 1061/1486
f 1026/1463 1027/1097 1063/1072 1062/1487
f 1027/1097 1028/1464 1064/1488 1063/1072
f 1028/1464 1029/1465 1065/1489 1064/1488
f 1029/1465 1030/1099 1066/1074 1065/1489
f 1030/1099 1031/1466 1067/1490 1066/1074
f 1031/1466 1032/1467 1068/1491 1067/1490
f 1032/1467 997/1101 1033/1076 1068/1491
f 1033/1052 1034/1468 1070/1492 1069/1027
f 1034/1468 1035/1469 1071/1493 1070/1492
f 1035/1469 1036/1054 1072/1029 1071/1493
f 1036/1054 1037/1470 1073/1494 1072/1029
f 1037/1470 1038/1471 1074/1495 1073/1494
f 1038/1471 1039/1056 1075/1031 1074/1495
f 1039/1056 1040/1472 1076/1496 1075/1031
f 1040/1472 1041/1473 1077/1497 1076/1496
f 1041/1473 1042/1058 1078/1033 1077/1497
f 1042/1058 1043/1474 1079/1498 1078/1033
f 1043/1474 1044/1475 1080/1499 1079/1498
f 1044/1475 1045/1060 1081/1035 1080/1499
f 1045/1060 1046/1476 1082/1500 1081/1035
f 1046/1476 1047/1477 1083/1501 1082/1500
f 1047/1477 1048/1062 1084/1037 1083/1501
f 1048/1062 1049/1478 1085/1502 1084/1037
f 1049/1478 1050/1479 1086/1503 1085/1502
f 1050/1479 1051/1064 1087/1039 1086/1503
f 1051/1064 1052/1480 1088/1504 1087/1039
f 1052/1480 1053/1481 1089/1505 1088/1504
f 1053/1481 1054/1066 1090/1041 1089/1505
f 1054/1066 1055/1482 1091/1506 1090/1041
f 1055/1482 1056/1483 1092/1507 1091/1506
f 1056/1483 1057/1068 1093/1043 1092/1507
f 1057/1068 1058/1484 1094/1508 1093/1043
f 1058/1484 1059/1485 1095/1509 1094/1508
f 1059/1485 1060/1070 1096/1045 1095/1509
f 1060/1070 1061/1486 1097/1510 1096/1045
f 1061/1486 1062/1487 1098/1511 1097/1510
f 1062/1487 1063/1072 1099/1047 1098/1511
f 1063/1072 1064/1488 1100/1512 1099/1047
f 1064/1488 1065/1489 1101/1513 1100/1512
f 1065/1489 1066/1074 1102/1049 1101/1513
f 1066/1074 1067/1490 1103/1514 1102/1049
f 1067/1490 1068/1491 1104/1515 1103/1514
f 1068/1491 1033/1076 1069/1051 1104/1515
f 1069/1027 1070/1492 1106/1516 1105/1002
f 1070/1492 1071/1493 1107/1517 1106/1516
f 1071/1493 1072/1029 1108/1004 1107/1517
f 1072/1029 1073/1494 1109/1518 1108/1004
f 1073/1494 1074/1495 1110/1519 1109/1518
f 1074/1495 1075/1031 1111/1006 1110/1519
f 1075/1031 1076/1496 1112/1520 1111/1006
f 1076/1496 1077/1497 1113/1521 1112/1520
f 1077/1497 1078/1033 1114/1008 1113/1521
f 1078/1033 1079/1498 1115/1522 1114/1008
f 1079/1498 1080/1499 1116/1523 1115/1522
f 1080/1499 1081/1035 1117/1010 1116/1523
f 1081/1035 1082/1500 1118/1524 1117/1010
f 1082/1500 1083/1501 1119/1525 1118/1524
f 1083/1501 1084/1037 1120/1012 1119/1525
f 1084/1037 1085/1502 1121/1526 1120/1012
f 1085/1502 1086/1503 1122/1527 1121/1526
f 1086/1503 1087/1039 1123/1014 1122/1527
f 1087/1039 1088/1504 1124/1528 1123/1014
f 1088/1504 1089/1505 1125/1529 1124/1528
f 1089/1505 1090/1041 1126/1016 1125/1529
f 1090/1041 1091/1506 1127/1530 1126/1016
f 1091/1506 1092/1507 1128/1531 1127/1530
f 1092/1507 1093/1043 1129/1018 1128/1531
f 1093/1043 1094/1508 1130/1532 1129/1018
f 1094/1508 1095/1509 1131/1533 1130/1532
f 1095/1509 1096/1045 1132/1020 1131/1533
f 1096/1045 1097/1510 1133/1534 1132/1020
f 1097/1510 1098/1511 1134/1535 1133/1534
f 1098/1511 1099/1047 1135/1022 1134/1535
f 1099/1047 1100/1512 1136/1536 1135/1022
f 1100/1512 1101/1513 1137/1537 1136/1536
f 1101/1513 1102/1049 1138/1024 1137/1537
f 1102/1049 1103/1514 1139/1538 1138/1024
f 1103/1514 1104/1515 1140/1539 1139/1538
f 1104/1515 1069/1051 1105/1026 1140/1539
f 1105/1002 1106/1516 1142/1540 1141/977
f 1106/1516 1107/1517 1143/1541 1142/1540
f 1107/1517 1108/1004 1144/979 1143/1541
f 1108/1004 1109/1518 1145/1542 1144/979
f 1109/1518 1110/1519 1146/1543 1145/1542
f 1110/1519 1111/1006 1147/981 1146/1543
f 1111/1006 1112/1520 1148/1544 1147/981
f 1112/1520 1113/1521 1149/1545 1148/1544
f 1113/1521 1114/1008 1150/983 1149/1545
f 1114/1008 1115/1522 1151/1546 1150/983
f 1115/1522 1116/1523 1152/1547 1151/1546
f 1116/1523 1117/1010 1153/985 1152/1547
f 1117/1010 1118/1524 1154/1548 1153/985
f 1118/1524 1119/1525 1155/1549 1154/1548
f 1119/1525 1120/1012 1156/987 1155/1549
f 1120/1012 1121/1526 1157/1550 1156/987
f 1121/1526 1122/1527 1158/1551 1157/1550
f 1122/1527 1123/1014 1159/989 1158/1551
f 1123/1014 1124/1528 1160/1552 1159/989
f 1124/1528 1125/1529 1161/1553 1160/1552
f 1125/1529 1126/1016 1162/991 1161/1553
f 1126/1016 1127/1530 1163/1554 1162/991
f 1127/1530 1128/1531 1164/1555 1163/1554
f 1128/1531 1129/1018 1165/993 1164/1555
f 1129/1018 1130/1532 1166/1556 1165/993
f 1130/1532 1131/1533 1167/1557 1166/1556
f 1131/1533 1132/1020 1168/995 1167/1557
f 1132/1020 1133/1534 1169/1558 1168/995
f 1133/1534 1134/1535 1170/1559 1169/1558
f 1134/1535 1135/1022 1171/997 1170/1559
f 1135/1022 1136/1536 1172/1560 1171/997
f 1136/1536 1137/1537 1173/1561 1172/1560
f 1137/1537 1138/1024 1174/999 1173/1561
f 1138/1024 1139/1538 1175/1562 1174/999
f 1139/1538 1140/1539 1176/1563 1175/1562
f 1140/1539 1105/1026 1141/1001 1176/1563
f 1141/977 1142/1540 1178/1564 1177/952
f 1142/1540 1143/1541 1179/1565 1178/1564
f 1143/1541 1144/979 1180/954 1179/1565
f 1144/979 1145/1542 1181/1566 1180/954
f 1145/1542 1146/1543 1182/1567 1181/1566
f 1146/1543 1147/981 1183/956 1182/1567
f 1147/981 1148/1544 1184/1568 1183/956
f 1148/1544 1149/1545 1185/1569 1184/1568
f 1149/1545 1150/983 1186/958 1185/1569
f 1150/983 1151/1546 1187/1570 1186/958
f 1151/1546 1152/1547 1188/1571 1187/1570
f 1152/1547 1153/985 1189/960 1188/1571
f 1153/985 1154/1548 1190/1572 1189/960
f 1154/1548 1155/1549 1191/1573 1190/1572
f 1155/1549 1156/987 1192/962 1191/1573
f 1156/987 1157/1550 1193/1574 1192/962
f 1157/1550 1158/1551 1194/1575 1193/1574
f 1158/1551 1159/989 1195/964 1194/1575
f 1159/989 1160/1552 1196/1576 1195/964
f 1160/1552 1161/1553 1197/1577 1196/1576
f 1161/1553 1162/991 1198/966 1197/1577
f 1162/991 1163/1554 1199/1578 1198/966
f 1163/1554 1164/1555 1200/1579 1199/1578
f 1164/1555 1165/993 1201/968 1200/1579
f 1165/993 1166/1556 1202/1580 1201/968
f 1166/1556 1167/1557 1203/1581 1202/1580
f 1167/1557 1168/995 1204/970 1203/1581
f 1168/995 1169/1558 1205/1582 1204/970
f 1169/1558 1170/1559 1206/1583 1205/1582
f 1170/1559 1171/997 1207/972 1206/1583
f 1171/997 1172/1560 1208/1584 1207/972
f 1172/1560 1173/1561 1209/1585 1208/1584
f 1173/1561 1174/999 1210/974 1209/1585
f 1174/999 1175/1562 1211/1586 1210/974
f 1175/1562 1176/1563 1212/1587 1211/1586
f 1176/1563 1141/1001 1177/976 1212/1587
f 1177/952 1178/1564 1214/1588 1213/927
f 1178/1564 1179/1565 1215/1589 1214/1588
f 1179/1565 1180/954 1216/929 1215/1589
f 1180/954 1181/1566 1217/1590 1216/929
f 1181/1566 1182/1567 1218/1591 1217/1590
f 1182/1567 1183/956 1219/931 1218/1591
f 1183/956 1184/1568 1220/1592 1219/931
f 1184/1568 1185/1569 1221/1593 1220/1592
f 1185/1569 1186/958 1222/933 1221/1593
f 1186/958 1187/1570 1223/1594 1222/933
f 1187/1570 1188/1571 1224/1595 1223/1594
f 1188/1571 1189/960 1225/935 1224/1595
f 1189/960 1190/1572 1226/1596 1225/935
f 1190/1572 1191/1573 1227/1597 1226/1596
f 1191/1573 1192/962 1228/937 1227/1597
f 1192/962 1193/1574 1229/1598 1228/937
f 1193/1574 1194/1575 1230/1599 1229/1598
f 1194/1575 1195/964 1231/939 1230/1599
f 1195/964 1196/1576 1232/1600 1231/939
f 1196/1576 1197/1577 1233/1601 1232/1600
f 1197/1577 1198/966 1234/941 1233/1601
f 1198/966 1199/1578 1235/1602 1234/941
f 1199/1578 1200/1579 1236/1603 1235/1602
f 1200/1579 1201/968 1237/943 1236/1603
f 1201/968 1202/1580 1238/1604 1237/943
f 1202/1580 1203/1581 1239/1605 1238/1604
f 1203/1581 1204/970 1240/945 1239/1605
f 1204/970 1205/1582 1241/1606 1240/945
f 1205/1582 1206/1583 1242/1607 1241/1606
f 1206/1583 1207/972 1243/947 1242/1607
f 1207/972 1208/1584 1244/1608 1243/947
f 1208/1584 1209/1585 1245/1609 1244/1608
f 1209/1585 1210/974 1246/949 1245/1609
f 1210/974 1211/1586 1247/1610 1246/949
f 1211/1586 1212/1587 1248/1611 1247/1610
f 1212/1587 1177/976 1213/951 1248/1611
s off
f 816/1635 815/1634 814/1298 813/1633 812/1632 811/1296 810/1631 809/1630 808/1294 807/1629 806/1628 805/1292 804/1627 803/1626 802/1290 801/1625 800/1624 799/1288 798/1623 797/1622 796/1286 795/1621 794/1620 793/1284 792/1619 791/1618 790/1282 789/1617 788/1616 787/1280 786/1615 785/1614 784/1278 783/1613 782/1612 781/1276
s off
f 1213/1252 1214/1636 1215/1637 1216/1254 1217/1638 1218/1639 1219/1256 1220/1640 1221/1641 1222/1258 1223/1642 1224/1643 1225/1260 1226/1644 1227/1645 1228/1262 1229/1646 1230/1647 1231/1264 1232/1648 1233/1649 1234/1266 1235/1650 1236/1651 1237/1268 1238/1652 1239/1653 1240/1270 1241/1654 1242/1655 1243/1272 1244/1656 1245/1657 1246/1274 1247/1658 1248/1659

o Circle36
g Circle36
v 5.26 2.08 3.851859889e-34
v 5.248453892 2.08 0.131972615
v 5.214166392 2.08 0.2599353089
v 5.158179307 2.08 0.38
v 5.082193777 2.08 0.4885185834
v 4.988518583 2.08 0.5821937768
v 4.88 2.08 0.6581793069
v 4.759935309 2.08 0.7141663918
v 4.631972615 2.08 0.7484538923
v 4.5 2.08 0.76
v 4.368027385 2.08 0.7484538923
v 4.240064691 2.08 0.7141663918
v 4.12 2.08 0.6581793069
v 4.011481417 2.08 0.5821937768
v 3.917806223 2.08 0.4885185834
v 3.841820693 2.08 0.38
v 3.785833608 2.08 0.2599353089
v 3.751546108 2.08 0.131972615
v 3.74 2.08 1.266419385e-16
v 3.751546108 2.08 -0.131972615
v 3.785833608 2.08 -0.2599353089
v 3.841820693 2.08 -0.38
v 3.917806223 2.08 -0.4885185834
v 4.011481417 2.08 -0.5821937768
v 4.12 2.08 -0.6581793069
v 4.240064691 2.08 -0.7141663918
v 4.368027385 2.08 -0.7484538923
v 4.5 2.08 -0.76
v 4.631972615 2.08 -0.7484538923
v 4.759935309 2.08 -0.7141663918
v 4.88 2.08 -0.6581793069
v 4.988518583 2.08 -0.5821937768
v 5.082193777 2.08 -0.4885185834
v 5.158179307 2.08 -0.38
v 5.214166392 2.08 -0.2599353089
v 5.248453892 2.08 -0.131972615
v 5.34 1.98 0
v 5.327238513 1.98 0.1458644692
v 5.289341801 1.98 0.2872969204
v 5.227461339 1.98 0.42
v 5.143477332 1.98 0.5399415921
v 5.039941592 1.98 0.6434773322
v 4.92 1.98 0.7274613392
v 4.78729692 1.98 0.7893418015
v 4.645864469 1.98 0.8272385125
v 4.5 1.98 0.84
v 4.354135531 1.98 0.8272385125
v 4.21270308 1.98 0.7893418015
v 4.08 1.98 0.7274613392
v 3.960058408 1.98 0.6434773322
v 3.856522668 1.98 0.5399415921
v 3.772538661 1.98 0.42
v 3.710658199 1.98 0.2872969204
v 3.672761487 1.98 0.1458644692
v 3.66 1.98 6.083519252e-17
v 3.672761487 1.98 -0.1458644692
v 3.710658199 1.98 -0.2872969204
v 3.772538661 1.98 -0.42
v 3.856522668 1.98 -0.5399415921
v 3.960058408 1.98 -0.6434773322
v 4.08 1.98 -0.7274613392
v 4.21270308 1.98 -0.7893418015
v 4.354135531 1.98 -0.8272385125
v 4.5 1.98 -0.84
v 4.645864469 1.98 -0.8272385125
v 4.78729692 1.98 -0.7893418015
v 4.92 1.98 -0.7274613392
v 5.039941592 1.98 -0.6434773322
v 5.143477332 1.98 -0.5399415921
v 5.227461339 1.98 -0.42
v 5.289341801 1.98 -0.2872969204
v 5.327238513 1.98 -0.1458644692
v 5.34 1.65 0
v 5.327238513 1.65 0.1458644692
v 5.289341801 1.65 0.2872969204
v 5.227461339 1.65 0.42
v 5.143477332 1.65 0.5399415921
v 5.039941592 1.65 0.6434773322
v 4.92 1.65 0.7274613392
v 4.78729692 1.65 0.7893418015
v 4.645864469 1.65 0.8272385125
v 4.5 1.65 0.84
v 4.354135531 1.65 0.8272385125
v 4.21270308 1.65 0.7893418015
v 4.08 1.65 0.7274613392
v 3.960058408 1.65 0.6434773322
v 3.856522668 1.65 0.5399415921
v 3.772538661 1.65 0.42
v 3.710658199 1.65 0.2872969204
v 3.672761487 1.65 0.1458644692
v 3.66 1.65 6.083519252e-17
v 3.672761487 1.65 -0.1458644692
v 3.710658199 1.65 -0.2872969204
v 3.772538661 1.65 -0.42
v 3.856522668 1.65 -0.5399415921
v 3.960058408 1.65 -0.6434773322
v 4.08 1.65 -0.7274613392
v 4.21270308 1.65 -0.7893418015
v 4.354135531 1.65 -0.8272385125
v 4.5 1.65 -0.84
v 4.645864469 1.65 -0.8272385125
v 4.78729692 1.65 -0.7893418015
v 4.92 1.65 -0.7274613392
v 5.039941592 1.65 -0.6434773322
v 5.143477332 1.65 -0.5399415921
v 5.227461339 1.65 -0.42
v 5.289341801 1.65 -0.2872969204
v 5.327238513 1.65 -0.1458644692
v 5.22 1.65 0
v 5.209061582 1.65 0.1250266879
v 5.176578687 1.65 0.2462545032
v 5.123538291 1.65 0.36
v 5.051551999 1.65 0.462807079
v 4.962807079 1.65 0.551551999
v 4.86 1.65 0.6235382907
v 4.746254503 1.65 0.676578687
v 4.625026688 1.65 0.7090615822
v 4.5 1.65 0.72
v 4.374973312 1.65 0.7090615822
v 4.253745497 1.65 0.676578687
v 4.14 1.65 0.6235382907
v 4.037192921 1.65 0.551551999
v 3.948448001 1.65 0.462807079
v 3.876461709 1.65 0.36
v 3.823421313 1.65 0.2462545032
v 3.790938418 1.65 0.1250266879
v 3.78 1.65 2.493076968e-17
v 3.790938418 1.65 -0.1250266879
v 3.823421313 1.65 -0.2462545032
v 3.876461709 1.65 -0.36
v 3.948448001 1.65 -0.462807079
v 4.037192921 1.65 -0.551551999
v 4.14 1.65 -0.6235382907
v 4.253745497 1.65 -0.676578687
v 4.374973312 1.65 -0.7090615822
v 4.5 1.65 -0.72
v 4.625026688 1.65 -0.7090615822
v 4.746254503 1.65 -0.676578687
v 4.86 1.65 -0.6235382907
v 4.962807079 1.65 -0.551551999
v 5.051551999 1.65 -0.462807079
v 5.123538291 1.65 -0.36
v 5.176578687 1.65 -0.2462545032
v 5.209061582 1.65 -0.1250266879
v 5.22 1.3 0
v 5.209061582 1.3 0.1250266879
v 5.176578687 1.3 0.2462545032
v 5.123538291 1.3 0.36
v 5.051551999 1.3 0.462807079
v 4.962807079 1.3 0.551551999
v 4.86 1.3 0.6235382907
v 4.746254503 1.3 0.676578687
v 4.625026688 1.3 0.7090615822
v 4.5 1.3 0.72
v 4.374973312 1.3 0.7090615822
v 4.253745497 1.3 0.676578687
v 4.14 1.3 0.6235382907
v 4.037192921 1.3 0.551551999
v 3.948448001 1.3 0.462807079
v 3.876461709 1.3 0.36
v 3.823421313 1.3 0.2462545032
v 3.790938418 1.3 0.1250266879
v 3.78 1.3 2.493076968e-17
v 3.790938418 1.3 -0.1250266879
v 3.823421313 1.3 -0.2462545032
v 3.876461709 1.3 -0.36
v 3.948448001 1.3 -0.462807079
v 4.037192921 1.3 -0.551551999
v 4.14 1.3 -0.6235382907
v 4.253745497 1.3 -0.676578687
v 4.374973312 1.3 -0.7090615822
v 4.5 1.3 -0.72
v 4.625026688 1.3 -0.7090615822
v 4.746254503 1.3 -0.676578687
v 4.86 1.3 -0.6235382907
v 4.962807079 1.3 -0.551551999
v 5.051551999 1.3 -0.462807079
v 5.123538291 1.3 -0.36
v 5.176578687 1.3 -0.2462545032
v 5.209061582 1.3 -0.1250266879
v 5.4 1.3 0
v 5.386326978 1.3 0.1562833599
v 5.345723359 1.3 0.307818129
v 5.279422863 1.3 0.45
v 5.189439999 1.3 0.5785088487
v 5.078508849 1.3 0.6894399988
v 4.95 1.3 0.7794228634
v 4.807818129 1.3 0.8457233587
v 4.65628336 1.3 0.8863269777
v 4.5 1.3 0.9
v 4.34371664 1.3 0.8863269777
v 4.192181871 1.3 0.8457233587
v 4.05 1.3 0.7794228634
v 3.921491151 1.3 0.6894399988
v 3.810560001 1.3 0.5785088487
v 3.720577137 1.3 0.45
v 3.654276641 1.3 0.307818129
v 3.613673022 1.3 0.1562833599
v 3.6 1.3 8.332081462e-17
v 3.613673022 1.3 -0.1562833599
v 3.654276641 1.3 -0.307818129
v 3.720577137 1.3 -0.45
v 3.810560001 1.3 -0.5785088487
v 3.921491151 1.3 -0.6894399988
v 4.05 1.3 -0.7794228634
v 4.192181871 1.3 -0.8457233587
v 4.34371664 1.3 -0.8863269777
v 4.5 1.3 -0.9
v 4.65628336 1.3 -0.8863269777
v 4.807818129 1.3 -0.8457233587
v 4.95 1.3 -0.7794228634
v 5.078508849 1.3 -0.6894399988
v 5.189439999 1.3 -0.5785088487
v 5.279422863 1.3 -0.45
v 5.345723359 1.3 -0.307818129
v 5.386326978 1.3 -0.1562833599
v 5.4 0.88 0
v 5.386326978 0.88 0.1562833599
v 5.345723359 0.88 0.307818129
v 5.279422863 0.88 0.45
v 5.189439999 0.88 0.5785088487
v 5.078508849 0.88 0.6894399988
v 4.95 0.88 0.7794228634
v 4.807818129 0.88 0.8457233587
v 4.65628336 0.88 0.8863269777
v 4.5 0.88 0.9
v 4.34371664 0.88 0.8863269777
v 4.192181871 0.88 0.8457233587
v 4.05 0.88 0.7794228634
v 3.921491151 0.88 0.6894399988
v 3.810560001 0.88 0.5785088487
v 3.720577137 0.88 0.45
v 3.654276641 0.88 0.307818129
v 3.613673022 0.88 0.1562833599
v 3.6 0.88 8.332081462e-17
v 3.613673022 0.88 -0.1562833599
v 3.654276641 0.88 -0.307818129
v 3.720577137 0.88 -0.45
v 3.810560001 0.88 -0.5785088487
v 3.921491151 0.88 -0.6894399988
v 4.05 0.88 -0.7794228634
v 4.192181871 0.88 -0.8457233587
v 4.34371664 0.88 -0.8863269777
v 4.5 0.88 -0.9
v 4.65628336 0.88 -0.8863269777
v 4.807818129 0.88 -0.8457233587
v 4.95 0.88 -0.7794228634
v 5.078508849 0.88 -0.6894399988
v 5.189439999 0.88 -0.5785088487
v 5.279422863 0.88 -0.45
v 5.345723359 0.88 -0.307818129
v 5.386326978 0.88 -0.1562833599
v 5.28 0.84 -6.162975822e-33
v 5.268150047 0.84 0.1354455786
v 5.232960244 0.84 0.2667757118
v 5.175499815 0.84 0.39
v 5.097514666 0.84 0.5013743356
v 5.001374336 0.84 0.5975146656
v 4.89 0.84 0.675499815
v 4.766775712 0.84 0.7329602442
v 4.635445579 0.84 0.7681500473
v 4.5 0.84 0.78
v 4.364554421 0.84 0.7681500473
v 4.233224288 0.84 0.7329602442
v 4.11 0.84 0.675499815
v 3.998625664 0.84 0.5975146656
v 3.902485334 0.84 0.5013743356
v 3.824500185 0.84 0.39
v 3.767039756 0.84 0.2667757118
v 3.731849953 0.84 0.1354455786
v 3.72 0.84 4.561227937e-17
v 3.731849953 0.84 -0.1354455786
v 3.767039756 0.84 -0.2667757118
v 3.824500185 0.84 -0.39
v 3.902485334 0.84 -0.5013743356
v 3.998625664 0.84 -0.5975146656
v 4.11 0.84 -0.675499815
v 4.233224288 0.84 -0.7329602442
v 4.364554421 0.84 -0.7681500473
v 4.5 0.84 -0.78
v 4.635445579 0.84 -0.7681500473
v 4.766775712 0.84 -0.7329602442
v 4.89 0.84 -0.675499815
v 5.001374336 0.84 -0.5975146656
v 5.097514666 0.84 -0.5013743356
v 5.175499815 0.84 -0.39
v 5.232960244 0.84 -0.2667757118
v 5.268150047 0.84 -0.1354455786
v 5.28 0.76 -6.162975822e-33
v 5.268150047 0.76 0.1354455786
v 5.232960244 0.76 0.2667757118
v 5.175499815 0.76 0.39
v 5.097514666 0.76 0.5013743356
v 5.001374336 0.76 0.5975146656
v 4.89 0.76 0.675499815
v 4.766775712 0.76 0.7329602442
v 4.635445579 0.76 0.7681500473
v 4.5 0.76 0.78
v 4.364554421 0.76 0.7681500473
v 4.233224288 0.76 0.7329602442
v 4.11 0.76 0.675499815
v 3.998625664 0.76 0.5975146656
v 3.902485334 0.76 0.5013743356
v 3.824500185 0.76 0.39
v 3.767039756 0.76 0.2667757118
v 3.731849953 0.76 0.1354455786
v 3.72 0.76 4.561227937e-17
v 3.731849953 0.76 -0.1354455786
v 3.767039756 0.76 -0.2667757118
v 3.824500185 0.76 -0.39
v 3.902485334 0.76 -0.5013743356
v 3.998625664 0.76 -0.5975146656
v 4.11 0.76 -0.675499815
v 4.233224288 0.76 -0.7329602442
v 4.364554421 0.76 -0.7681500473
v 4.5 0.76 -0.78
v 4.635445579 0.76 -0.7681500473
v 4.766775712 0.76 -0.7329602442
v 4.89 0.76 -0.675499815
v 5.001374336 0.76 -0.5975146656
v 5.097514666 0.76 -0.5013743356
v 5.175499815 0.76 -0.39
v 5.232960244 0.76 -0.2667757118
v 5.268150047 0.76 -0.1354455786
v 5.4 0.72 0
v 5.386326978 0.72 0.1562833599
v 5.345723359 0.72 0.307818129
v 5.279422863 0.72 0.45
v 5.189439999 0.72 0.5785088487
v 5.078508849 0.72 0.6894399988
v 4.95 0.72 0.7794228634
v 4.807818129 0.72 0.8457233587
v 4.65628336 0.72 0.8863269777
v 4.5 0.72 0.9
v 4.34371664 0.72 0.8863269777
v 4.192181871 0.72 0.8457233587
v 4.05 0.72 0.7794228634
v 3.921491151 0.72 0.6894399988
v 3.810560001 0.72 0.5785088487
v 3.720577137 0.72 0.45
v 3.654276641 0.72 0.307818129
v 3.613673022 0.72 0.1562833599
v 3.6 0.72 8.332081462e-17
v 3.613673022 0.72 -0.1562833599
v 3.654276641 0.72 -0.307818129
v 3.720577137 0.72 -0.45
v 3.810560001 0.72 -0.5785088487
v 3.921491151 0.72 -0.6894399988
v 4.05 0.72 -0.7794228634
v 4.192181871 0.72 -0.8457233587
v 4.34371664 0.72 -0.8863269777
v 4.5 0.72 -0.9
v 4.65628336 0.72 -0.8863269777
v 4.807818129 0.72 -0.8457233587
v 4.95 0.72 -0.7794228634
v 5.078508849 0.72 -0.6894399988
v 5.189439999 0.72 -0.5785088487
v 5.279422863 0.72 -0.45
v 5.345723359 0.72 -0.307818129
v 5.386326978 0.72 -0.1562833599
v 5.4 0.28 0
v 5.386326978 0.28 0.1562833599
v 5.345723359 0.28 0.307818129
v 5.279422863 0.28 0.45
v 5.189439999 0.28 0.5785088487
v 5.078508849 0.28 0.6894399988
v 4.95 0.28 0.7794228634
v 4.807818129 0.28 0.8457233587
v 4.65628336 0.28 0.8863269777
v 4.5 0.28 0.9
v 4.34371664 0.28 0.8863269777
v 4.192181871 0.28 0.8457233587
v 4.05 0.28 0.7794228634
v 3.921491151 0.28 0.6894399988
v 3.810560001 0.28 0.5785088487
v 3.720577137 0.28 0.45
v 3.654276641 0.28 0.307818129
v 3.613673022 0.28 0.1562833599
v 3.6 0.28 8.332081462e-17
v 3.613673022 0.28 -0.1562833599
v 3.654276641 0.28 -0.307818129
v 3.720577137 0.28 -0.45
v 3.810560001 0.28 -0.5785088487
v 3.921491151 0.28 -0.6894399988
v 4.05 0.28 -0.7794228634
v 4.192181871 0.28 -0.8457233587
v 4.34371664 0.28 -0.8863269777
v 4.5 0.28 -0.9
v 4.65628336 0.28 -0.8863269777
v 4.807818129 0.28 -0.8457233587
v 4.95 0.28 -0.7794228634
v 5.078508849 0.28 -0.6894399988
v 5.189439999 0.28 -0.5785088487
v 5.279422863 0.28 -0.45
v 5.345723359 0.28 -0.307818129
v 5.386326978 0.28 -0.1562833599
v 5.4 0.12 0
v 5.386326978 0.12 0.1562833599
v 5.345723359 0.12 0.307818129
v 5.279422863 0.12 0.45
v 5.189439999 0.12 0.5785088487
v 5.078508849 0.12 0.6894399988
v 4.95 0.12 0.7794228634
v 4.807818129 0.12 0.8457233587
v 4.65628336 0.12 0.8863269777
v 4.5 0.12 0.9
v 4.34371664 0.12 0.8863269777
v 4.192181871 0.12 0.8457233587
v 4.05 0.12 0.7794228634
v 3.921491151 0.12 0.6894399988
v 3.810560001 0.12 0.5785088487
v 3.720577137 0.12 0.45
v 3.654276641 0.12 0.307818129
v 3.613673022 0.12 0.1562833599
v 3.6 0.12 8.332081462e-17
v 3.613673022 0.12 -0.1562833599
v 3.654276641 0.12 -0.307818129
v 3.720577137 0.12 -0.45
v 3.810560001 0.12 -0.5785088487
v 3.921491151 0.12 -0.6894399988
v 4.05 0.12 -0.7794228634
v 4.192181871 0.12 -0.8457233587
v 4.34371664 0.12 -0.8863269777
v 4.5 0.12 -0.9
v 4.65628336 0.12 -0.8863269777
v 4.807818129 0.12 -0.8457233587
v 4.95 0.12 -0.7794228634
v 5.078508849 0.12 -0.6894399988
v 5.189439999 0.12 -0.5785088487
v 5.279422863 0.12 -0.45
v 5.345723359 0.12 -0.307818129
v 5.386326978 0.12 -0.1562833599
v 5.28 0 -6.162975822e-33
v 5.268150047 0 0.1354455786
v 5.232960244 0 0.2667757118
v 5.175499815 0 0.39
v 5.097514666 0 0.5013743356
v 5.001374336 0 0.5975146656
v 4.89 0 0.675499815
v 4.766775712 0 0.7329602442
v 4.635445579 0 0.7681500473
v 4.5 0 0.78
v 4.364554421 0 0.7681500473
v 4.233224288 0 0.7329602442
v 4.11 0 0.675499815
v 3.998625664 0 0.5975146656
v 3.902485334 0 0.5013743356
v 3.824500185 0 0.39
v 3.767039756 0 0.2667757118
v 3.731849953 0 0.1354455786
v 3.72 0 4.561227937e-17
v 3.731849953 0 -0.1354455786
v 3.767039756 0 -0.2667757118
v 3.824500185 0 -0.39
v 3.902485334 0 -0.5013743356
v 3.998625664 0 -0.5975146656
v 4.11 0 -0.675499815
v 4.233224288 0 -0.7329602442
v 4.364554421 0 -0.7681500473
v 4.5 0 -0.78
v 4.635445579 0 -0.7681500473
v 4.766775712 0 -0.7329602442
v 4.89 0 -0.675499815
v 5.001374336 0 -0.5975146656
v 5.097514666 0 -0.5013743356
v 5.175499815 0 -0.39
v 5.232960244 0 -0.2667757118
v 5.268150047 0 -0.1354455786
vt 0.02 0.02
vt 0.045 0.02
vt 0.07 0.02
vt 0.095 0.02
vt 0.12 0.02
vt 0.145 0.02
vt 0.17 0.02
vt 0.195 0.02
vt 0.22 0.02
vt 0.245 0.02
vt 0.27 0.02
vt 0.295 0.02
vt 0.32 0.02
vt 0.345 0.02
vt 0.37 0.02
vt 0.395 0.02
vt 0.42 0.02
vt 0.445 0.02
vt 0.47 0.02
vt 0.495 0.02
vt 0.52 0.02
vt 0.545 0.02
vt 0.57 0.02
vt 0.595 0.02
vt 0.62 0.02
vt 0.02 0.08128302811
vt 0.045 0.08128302811
vt 0.07 0.08128302811
vt 0.095 0.08128302811
vt 0.12 0.08128302811
vt 0.145 0.08128302811
vt 0.17 0.08128302811
vt 0.195 0.08128302811
vt 0.22 0.08128302811
vt 0.245 0.08128302811
vt 0.27 0.08128302811
vt 0.295 0.08128302811
vt 0.32 0.08128302811
vt 0.345 0.08128302811
vt 0.37 0.08128302811
vt 0.395 0.08128302811
vt 0.42 0.08128302811
vt 0.445 0.08128302811
vt 0.47 0.08128302811
vt 0.495 0.08128302811
vt 0.52 0.08128302811
vt 0.545 0.08128302811
vt 0.57 0.08128302811
vt 0.595 0.08128302811
vt 0.62 0.08128302811
vt 0.02 0.1390612211
vt 0.045 0.1390612211
vt 0.07 0.1390612211
vt 0.095 0.1390612211
vt 0.12 0.1390612211
vt 0.145 0.1390612211
vt 0.17 0.1390612211
vt 0.195 0.1390612211
vt 0.22 0.1390612211
vt 0.245 0.1390612211
vt 0.27 0.1390612211
vt 0.295 0.1390612211
vt 0.32 0.1390612211
vt 0.345 0.1390612211
vt 0.37 0.1390612211
vt 0.395 0.1390612211
vt 0.42 0.1390612211
vt 0.445 0.1390612211
vt 0.47 0.1390612211
vt 0.495 0.1390612211
vt 0.52 0.1390612211
vt 0.545 0.1390612211
vt 0.57 0.1390612211
vt 0.595 0.1390612211
vt 0.62 0.1390612211
vt 0.02 0.2979512518
vt 0.045 0.2979512518
vt 0.07 0.2979512518
vt 0.095 0.2979512518
vt 0.12 0.2979512518
vt 0.145 0.2979512518
vt 0.17 0.2979512518
vt 0.195 0.2979512518
vt 0.22 0.2979512518
vt 0.245 0.2979512518
vt 0.27 0.2979512518
vt 0.295 0.2979512518
vt 0.32 0.2979512518
vt 0.345 0.2979512518
vt 0.37 0.2979512518
vt 0.395 0.2979512518
vt 0.42 0.2979512518
vt 0.445 0.2979512518
vt 0.47 0.2979512518
vt 0.495 0.2979512518
vt 0.52 0.2979512518
vt 0.545 0.2979512518
vt 0.57 0.2979512518
vt 0.595 0.2979512518
vt 0.62 0.2979512518
vt 0.02 0.3436289241
vt 0.045 0.3436289241
vt 0.07 0.3436289241
vt 0.095 0.3436289241
vt 0.12 0.3436289241
vt 0.145 0.3436289241
vt 0.17 0.3436289241
vt 0.195 0.3436289241
vt 0.22 0.3436289241
vt 0.245 0.3436289241
vt 0.27 0.3436289241
vt 0.295 0.3436289241
vt 0.32 0.3436289241
vt 0.345 0.3436289241
vt 0.37 0.3436289241
vt 0.395 0.3436289241
vt 0.42 0.3436289241
vt 0.445 0.3436289241
vt 0.47 0.3436289241
vt 0.495 0.3436289241
vt 0.52 0.3436289241
vt 0.545 0.3436289241
vt 0.57 0.3436289241
vt 0.595 0.3436289241
vt 0.62 0.3436289241
vt 0.02 0.3725180206
vt 0.045 0.3725180206
vt 0.07 0.3725180206
vt 0.095 0.3725180206
vt 0.12 0.3725180206
vt 0.145 0.3725180206
vt 0.17 0.3725180206
vt 0.195 0.3725180206
vt 0.22 0.3725180206
vt 0.245 0.3725180206
vt 0.27 0.3725180206
vt 0.295 0.3725180206
vt 0.32 0.3725180206
vt 0.345 0.3725180206
vt 0.37 0.3725180206
vt 0.395 0.3725180206
vt 0.42 0.3725180206
vt 0.445 0.3725180206
vt 0.47 0.3725180206
vt 0.495 0.3725180206
vt 0.52 0.3725180206
vt 0.545 0.3725180206
vt 0.57 0.3725180206
vt 0.595 0.3725180206
vt 0.62 0.3725180206
vt 0.02 0.4181956928
vt 0.045 0.4181956928
vt 0.07 0.4181956928
vt 0.095 0.4181956928
vt 0.12 0.4181956928
vt 0.145 0.4181956928
vt 0.17 0.4181956928
vt 0.195 0.4181956928
vt 0.22 0.4181956928
vt 0.245 0.4181956928
vt 0.27 0.4181956928
vt 0.295 0.4181956928
vt 0.32 0.4181956928
vt 0.345 0.4181956928
vt 0.37 0.4181956928
vt 0.395 0.4181956928
vt 0.42 0.4181956928
vt 0.445 0.4181956928
vt 0.47 0.4181956928
vt 0.495 0.4181956928
vt 0.52 0.4181956928
vt 0.545 0.4181956928
vt 0.57 0.4181956928
vt 0.595 0.4181956928
vt 0.62 0.4181956928
vt 0.02 0.5698634494
vt 0.045 0.5698634494
vt 0.07 0.5698634494
vt 0.095 0.5698634494
vt 0.12 0.5698634494
vt 0.145 0.5698634494
vt 0.17 0.5698634494
vt 0.195 0.5698634494
vt 0.22 0.5698634494
vt 0.245 0.5698634494
vt 0.27 0.5698634494
vt 0.295 0.5698634494
vt 0.32 0.5698634494
vt 0.345 0.5698634494
vt 0.37 0.5698634494
vt 0.395 0.5698634494
vt 0.42 0.5698634494
vt 0.445 0.5698634494
vt 0.47 0.5698634494
vt 0.495 0.5698634494
vt 0.52 0.5698634494
vt 0.545 0.5698634494
vt 0.57 0.5698634494
vt 0.595 0.5698634494
vt 0.62 0.5698634494
vt 0.02 0.6348639165
vt 0.045 0.6348639165
vt 0.07 0.6348639165
vt 0.095 0.6348639165
vt 0.12 0.6348639165
vt 0.145 0.6348639165
vt 0.17 0.6348639165
vt 0.195 0.6348639165
vt 0.22 0.6348639165
vt 0.245 0.6348639165
vt 0.27 0.6348639165
vt 0.295 0.6348639165
vt 0.32 0.6348639165
vt 0.345 0.6348639165
vt 0.37 0.6348639165
vt 0.395 0.6348639165
vt 0.42 0.6348639165
vt 0.445 0.6348639165
vt 0.47 0.6348639165
vt 0.495 0.6348639165
vt 0.52 0.6348639165
vt 0.545 0.6348639165
vt 0.57 0.6348639165
vt 0.595 0.6348639165
vt 0.62 0.6348639165
vt 0.02 0.7612537137
vt 0.045 0.7612537137
vt 0.07 0.7612537137
vt 0.095 0.7612537137
vt 0.12 0.7612537137
vt 0.145 0.7612537137
vt 0.17 0.7612537137
vt 0.195 0.7612537137
vt 0.22 0.7612537137
vt 0.245 0.7612537137
vt 0.27 0.7612537137
vt 0.295 0.7612537137
vt 0.32 0.7612537137
vt 0.345 0.7612537137
vt 0.37 0.7612537137
vt 0.395 0.7612537137
vt 0.42 0.7612537137
vt 0.445 0.7612537137
vt 0.47 0.7612537137
vt 0.495 0.7612537137
vt 0.52 0.7612537137
vt 0.545 0.7612537137
vt 0.57 0.7612537137
vt 0.595 0.7612537137
vt 0.62 0.7612537137
vt 0.02 0.8045873585
vt 0.045 0.8045873585
vt 0.07 0.8045873585
vt 0.095 0.8045873585
vt 0.12 0.8045873585
vt 0.145 0.8045873585
vt 0.17 0.8045873585
vt 0.195 0.8045873585
vt 0.22 0.8045873585
vt 0.245 0.8045873585
vt 0.27 0.8045873585
vt 0.295 0.8045873585
vt 0.32 0.8045873585
vt 0.345 0.8045873585
vt 0.37 0.8045873585
vt 0.395 0.8045873585
vt 0.42 0.8045873585
vt 0.445 0.8045873585
vt 0.47 0.8045873585
vt 0.495 0.8045873585
vt 0.52 0.8045873585
vt 0.545 0.8045873585
vt 0.57 0.8045873585
vt 0.595 0.8045873585
vt 0.62 0.8045873585
vt 0.02 0.9237548815
vt 0.045 0.9237548815
vt 0.07 0.9237548815
vt 0.095 0.9237548815
vt 0.12 0.9237548815
vt 0.145 0.9237548815
vt 0.17 0.9237548815
vt 0.195 0.9237548815
vt 0.22 0.9237548815
vt 0.245 0.9237548815
vt 0.27 0.9237548815
vt 0.295 0.9237548815
vt 0.32 0.9237548815
vt 0.345 0.9237548815
vt 0.37 0.9237548815
vt 0.395 0.9237548815
vt 0.42 0.9237548815
vt 0.445 0.9237548815
vt 0.47 0.9237548815
vt 0.495 0.9237548815
vt 0.52 0.9237548815
vt 0.545 0.9237548815
vt 0.57 0.9237548815
vt 0.595 0.9237548815
vt 0.62 0.9237548815
vt 0.02 0.97
vt 0.045 0.97
vt 0.07 0.97
vt 0.095 0.97
vt 0.12 0.97
vt 0.145 0.97
vt 0.17 0.97
vt 0.195 0.97
vt 0.22 0.97
vt 0.245 0.97
vt 0.27 0.97
vt 0.295 0.97
vt 0.32 0.97
vt 0.345 0.97
vt 0.37 0.97
vt 0.395 0.97
vt 0.42 0.97
vt 0.445 0.97
vt 0.47 0.97
vt 0.495 0.97
vt 0.52 0.97
vt 0.545 0.97
vt 0.57 0.97
vt 0.595 0.97
vt 0.62 0.97
vt 0.96 0.25
vt 0.9548888739 0.2888228568
vt 0.9399038106 0.325
vt 0.9160660172 0.3560660172
vt 0.885 0.3799038106
vt 0.8488228568 0.3948888739
vt 0.81 0.4
vt 0.7711771432 0.3948888739
vt 0.735 0.3799038106
vt 0.7039339828 0.3560660172
vt 0.6800961894 0.325
vt 0.6651111261 0.2888228568
vt 0.66 0.25
vt 0.6651111261 0.2111771432
vt 0.6800961894 0.175
vt 0.7039339828 0.1439339828
vt 0.735 0.1200961894
vt 0.7711771432 0.1051111261
vt 0.81 0.1
vt 0.8488228568 0.1051111261
vt 0.885 0.1200961894
vt 0.9160660172 0.1439339828
vt 0.9399038106 0.175
vt 0.9548888739 0.2111771432
vt 0.96 0.73
vt 0.9548888739 0.7688228568
vt 0.9399038106 0.805
vt 0.9160660172 0.8360660172
vt 0.885 0.8599038106
vt 0.8488228568 0.8748888739
vt 0.81 0.88
vt 0.7711771432 0.8748888739
vt 0.735 0.8599038106
vt 0.7039339828 0.8360660172
vt 0.6800961894 0.805
vt 0.6651111261 0.7688228568
vt 0.66 0.73
vt 0.6651111261 0.6911771432
vt 0.6800961894 0.655
vt 0.7039339828 0.6239339828
vt 0.735 0.6000961894
vt 0.7711771432 0.5851111261
vt 0.81 0.58
vt 0.8488228568 0.5851111261
vt 0.885 0.6000961894
vt 0.9160660172 0.6239339828
vt 0.9399038106 0.655
vt 0.9548888739 0.6911771432
vt 0.03666666667 0.97
vt 0.03666666667 0.9237548815
vt 0.05333333333 0.97
vt 0.05333333333 0.9237548815
vt 0.08666666667 0.97
vt 0.08666666667 0.9237548815
vt 0.1033333333 0.97
vt 0.1033333333 0.9237548815
vt 0.1366666667 0.97
vt 0.1366666667 0.9237548815
vt 0.1533333333 0.97
vt 0.1533333333 0.9237548815
vt 0.1866666667 0.97
vt 0.1866666667 0.9237548815
vt 0.2033333333 0.97
vt 0.2033333333 0.9237548815
vt 0.2366666667 0.97
vt 0.2366666667 0.9237548815
vt 0.2533333333 0.97
vt 0.2533333333 0.9237548815
vt 0.2866666667 0.97
vt 0.2866666667 0.9237548815
vt 0.3033333333 0.97
vt 0.3033333333 0.9237548815
vt 0.3366666667 0.97
vt 0.3366666667 0.9237548815
vt 0.3533333333 0.97
vt 0.3533333333 0.9237548815
vt 0.3866666667 0.97
vt 0.3866666667 0.9237548815
vt 0.4033333333 0.97
vt 0.4033333333 0.9237548815
vt 0.4366666667 0.97
vt 0.4366666667 0.9237548815
vt 0.4533333333 0.97
vt 0.4533333333 0.9237548815
vt 0.4866666667 0.97
vt 0.4866666667 0.9237548815
vt 0.5033333333 0.97
vt 0.5033333333 0.9237548815
vt 0.5366666667 0.97
vt 0.5366666667 0.9237548815
vt 0.5533333333 0.97
vt 0.5533333333 0.9237548815
vt 0.5866666667 0.97
vt 0.5866666667 0.9237548815
vt 0.6033333333 0.97
vt 0.6033333333 0.9237548815
vt 0.03666666667 0.8045873585
vt 0.05333333333 0.8045873585
vt 0.08666666667 0.8045873585
vt 0.1033333333 0.8045873585
vt 0.1366666667 0.8045873585
vt 0.1533333333 0.8045873585
vt 0.1866666667 0.8045873585
vt 0.2033333333 0.8045873585
vt 0.2366666667 0.8045873585
vt 0.2533333333 0.8045873585
vt 0.2866666667 0.8045873585
vt 0.3033333333 0.8045873585
vt 0.3366666667 0.8045873585
vt 0.3533333333 0.8045873585
vt 0.3866666667 0.8045873585
vt 0.4033333333 0.8045873585
vt 0.4366666667 0.8045873585
vt 0.4533333333 0.8045873585
vt 0.4866666667 0.8045873585
vt 0.5033333333 0.8045873585
vt 0.5366666667 0.8045873585
vt 0.5533333333 0.8045873585
vt 0.5866666667 0.8045873585
vt 0.6033333333 0.8045873585
vt 0.03666666667 0.7612537137
vt 0.05333333333 0.7612537137
vt 0.08666666667 0.7612537137
vt 0.1033333333 0.7612537137
vt 0.1366666667 0.7612537137
vt 0.1533333333 0.7612537137
vt 0.1866666667 0.7612537137
vt 0.2033333333 0.7612537137
vt 0.2366666667 0.7612537137
vt 0.2533333333 0.7612537137
vt 0.2866666667 0.7612537137
vt 0.3033333333 0.7612537137
vt 0.3366666667 0.7612537137
vt 0.3533333333 0.7612537137
vt 0.3866666667 0.7612537137
vt 0.4033333333 0.7612537137
vt 0.4366666667 0.7612537137
vt 0.4533333333 0.7612537137
vt 0.4866666667 0.7612537137
vt 0.5033333333 0.7612537137
vt 0.5366666667 0.7612537137
vt 0.5533333333 0.7612537137
vt 0.5866666667 0.7612537137
vt 0.6033333333 0.7612537137
vt 0.03666666667 0.6348639165
vt 0.05333333333 0.6348639165
vt 0.08666666667 0.6348639165
vt 0.1033333333 0.6348639165
vt 0.1366666667 0.6348639165
vt 0.1533333333 0.6348639165
vt 0.1866666667 0.6348639165
vt 0.2033333333 0.6348639165
vt 0.2366666667 0.6348639165
vt 0.2533333333 0.6348639165
vt 0.2866666667 0.6348639165
vt 0.3033333333 0.6348639165
vt 0.3366666667 0.6348639165
vt 0.3533333333 0.6348639165
vt 0.3866666667 0.6348639165
vt 0.4033333333 0.6348639165
vt 0.4366666667 0.6348639165
vt 0.4533333333 0.6348639165
vt 0.4866666667 0.6348639165
vt 0.5033333333 0.6348639165
vt 0.5366666667 0.6348639165
vt 0.5533333333 0.6348639165
vt 0.5866666667 0.6348639165
vt 0.6033333333 0.6348639165
vt 0.03666666667 0.5698634494
vt 0.05333333333 0.5698634494
vt 0.08666666667 0.5698634494
vt 0.1033333333 0.5698634494
vt 0.1366666667 0.5698634494
vt 0.1533333333 0.5698634494
vt 0.1866666667 0.5698634494
vt 0.2033333333 0.5698634494
vt 0.2366666667 0.5698634494
vt 0.2533333333 0.5698634494
vt 0.2866666667 0.5698634494
vt 0.3033333333 0.5698634494
vt 0.3366666667 0.5698634494
vt 0.3533333333 0.5698634494
vt 0.3866666667 0.5698634494
vt 0.4033333333 0.5698634494
vt 0.4366666667 0.5698634494
vt 0.4533333333 0.5698634494
vt 0.4866666667 0.5698634494
vt 0.5033333333 0.5698634494
vt 0.5366666667 0.5698634494
vt 0.5533333333 0.5698634494
vt 0.5866666667 0.5698634494
vt 0.6033333333 0.5698634494
vt 0.03666666667 0.4181956928
vt 0.05333333333 0.4181956928
vt 0.08666666667 0.4181956928
vt 0.1033333333 0.4181956928
vt 0.1366666667 0.4181956928
vt 0.1533333333 0.4181956928
vt 0.1866666667 0.4181956928
vt 0.2033333333 0.4181956928
vt 0.2366666667 0.4181956928
vt 0.2533333333 0.4181956928
vt 0.2866666667 0.4181956928
vt 0.3033333333 0.4181956928
vt 0.3366666667 0.4181956928
vt 0.3533333333 0.4181956928
vt 0.3866666667 0.4181956928
vt 0.4033333333 0.4181956928
vt 0.4366666667 0.4181956928
vt 0.4533333333 0.4181956928
vt 0.4866666667 0.4181956928
vt 0.5033333333 0.4181956928
vt 0.5366666667 0.4181956928
vt 0.5533333333 0.4181956928
vt 0.5866666667 0.4181956928
vt 0.6033333333 0.4181956928
vt 0.03666666667 0.3725180206
vt 0.05333333333 0.3725180206
vt 0.08666666667 0.3725180206
vt 0.1033333333 0.3725180206
vt 0.1366666667 0.3725180206
vt 0.1533333333 0.3725180206
vt 0.1866666667 0.3725180206
vt 0.2033333333 0.3725180206
vt 0.2366666667 0.3725180206
vt 0.2533333333 0.3725180206
vt 0.2866666667 0.3725180206
vt 0.3033333333 0.3725180206
vt 0.3366666667 0.3725180206
vt 0.3533333333 0.3725180206
vt 0.3866666667 0.3725180206
vt 0.4033333333 0.3725180206
vt 0.4366666667 0.3725180206
vt 0.4533333333 0.3725180206
vt 0.4866666667 0.3725180206
vt 0.5033333333 0.3725180206
vt 0.5366666667 0.3725180206
vt 0.5533333333 0.3725180206
vt 0.5866666667 0.3725180206
vt 0.6033333333 0.3725180206
vt 0.03666666667 0.3436289241
vt 0.05333333333 0.3436289241
vt 0.08666666667 0.3436289241
vt 0.1033333333 0.3436289241
vt 0.1366666667 0.3436289241
vt 0.1533333333 0.3436289241
vt 0.1866666667 0.3436289241
vt 0.2033333333 0.3436289241
vt 0.2366666667 0.3436289241
vt 0.2533333333 0.3436289241
vt 0.2866666667 0.3436289241
vt 0.3033333333 0.3436289241
vt 0.3366666667 0.3436289241
vt 0.3533333333 0.3436289241
vt 0.3866666667 0.3436289241
vt 0.4033333333 0.3436289241
vt 0.4366666667 0.3436289241
vt 0.4533333333 0.3436289241
vt 0.4866666667 0.3436289241
vt 0.5033333333 0.3436289241
vt 0.5366666667 0.3436289241
vt 0.5533333333 0.3436289241
vt 0.5866666667 0.3436289241
vt 0.6033333333 0.3436289241
vt 0.03666666667 0.2979512518
vt 0.05333333333 0.2979512518
vt 0.08666666667 0.2979512518
vt 0.1033333333 0.2979512518
vt 0.1366666667 0.2979512518
vt 0.1533333333 0.2979512518
vt 0.1866666667 0.2979512518
vt 0.2033333333 0.2979512518
vt 0.2366666667 0.2979512518
vt 0.2533333333 0.2979512518
vt 0.2866666667 0.2979512518
vt 0.3033333333 0.2979512518
vt 0.3366666667 0.2979512518
vt 0.3533333333 0.2979512518
vt 0.3866666667 0.2979512518
vt 0.4033333333 0.2979512518
vt 0.4366666667 0.2979512518
vt 0.4533333333 0.2979512518
vt 0.4866666667 0.2979512518
vt 0.5033333333 0.2979512518
vt 0.5366666667 0.2979512518
vt 0.5533333333 0.2979512518
vt 0.5866666667 0.2979512518
vt 0.6033333333 0.2979512518
vt 0.03666666667 0.1390612211
vt 0.05333333333 0.1390612211
vt 0.08666666667 0.1390612211
vt 0.1033333333 0.1390612211
vt 0.1366666667 0.1390612211
vt 0.1533333333 0.1390612211
vt 0.1866666667 0.1390612211
vt 0.2033333333 0.1390612211
vt 0.2366666667 0.1390612211
vt 0.2533333333 0.1390612211
vt 0.2866666667 0.1390612211
vt 0.3033333333 0.1390612211
vt 0.3366666667 0.1390612211
vt 0.3533333333 0.1390612211
vt 0.3866666667 0.1390612211
vt 0.4033333333 0.1390612211
vt 0.4366666667 0.1390612211
vt 0.4533333333 0.1390612211
vt 0.4866666667 0.1390612211
vt 0.5033333333 0.1390612211
vt 0.5366666667 0.1390612211
vt 0.5533333333 0.1390612211
vt 0.5866666667 0.1390612211
vt 0.6033333333 0.1390612211
vt 0.03666666667 0.08128302811
vt 0.05333333333 0.08128302811
vt 0.08666666667 0.08128302811
vt 0.1033333333 0.08128302811
vt 0.1366666667 0.08128302811
vt 0.1533333333 0.08128302811
vt 0.1866666667 0.08128302811
vt 0.2033333333 0.08128302811
vt 0.2366666667 0.08128302811
vt 0.2533333333 0.08128302811
vt 0.2866666667 0.08128302811
vt 0.3033333333 0.08128302811
vt 0.3366666667 0.08128302811
vt 0.3533333333 0.08128302811
vt 0.3866666667 0.08128302811
vt 0.4033333333 0.08128302811
vt 0.4366666667 0.08128302811
vt 0.4533333333 0.08128302811
vt 0.4866666667 0.08128302811
vt 0.5033333333 0.08128302811
vt 0.5366666667 0.08128302811
vt 0.5533333333 0.08128302811
vt 0.5866666667 0.08128302811
vt 0.6033333333 0.08128302811
vt 0.03666666667 0.02
vt 0.05333333333 0.02
vt 0.08666666667 0.02
vt 0.1033333333 0.02
vt 0.1366666667 0.02
vt 0.1533333333 0.02
vt 0.1866666667 0.02
vt 0.2033333333 0.02
vt 0.2366666667 0.02
vt 0.2533333333 0.02
vt 0.2866666667 0.02
vt 0.3033333333 0.02
vt 0.3366666667 0.02
vt 0.3533333333 0.02
vt 0.3866666667 0.02
vt 0.4033333333 0.02
vt 0.4366666667 0.02
vt 0.4533333333 0.02
vt 0.4866666667 0.02
vt 0.5033333333 0.02
vt 0.5366666667 0.02
vt 0.5533333333 0.02
vt 0.5866666667 0.02
vt 0.6033333333 0.02
vt 0.9565925826 0.7558819045
vt 0.9498938528 0.7808819045
vt 0.9240119483 0.8257106781
vt 0.9057106781 0.8440119483
vt 0.8608819045 0.8698938528
vt 0.8358819045 0.8765925826
vt 0.7841180955 0.8765925826
vt 0.7591180955 0.8698938528
vt 0.7142893219 0.8440119483
vt 0.6959880517 0.8257106781
vt 0.6701061472 0.7808819045
vt 0.6634074174 0.7558819045
vt 0.6634074174 0.7041180955
vt 0.6701061472 0.6791180955
vt 0.6959880517 0.6342893219
vt 0.7142893219 0.6159880517
vt 0.7591180955 0.5901061472
vt 0.7841180955 0.5834074174
vt 0.8358819045 0.5834074174
vt 0.8608819045 0.5901061472
vt 0.9057106781 0.6159880517
vt 0.9240119483 0.6342893219
vt 0.9498938528 0.6791180955
vt 0.9565925826 0.7041180955
vt 0.9565925826 0.2758819045
vt 0.9498938528 0.3008819045
vt 0.9240119483 0.3457106781
vt 0.9057106781 0.3640119483
vt 0.8608819045 0.3898938528
vt 0.8358819045 0.3965925826
vt 0.7841180955 0.3965925826
vt 0.7591180955 0.3898938528
vt 0.7142893219 0.3640119483
vt 0.6959880517 0.3457106781
vt 0.6701061472 0.3008819045
vt 0.6634074174 0.2758819045
vt 0.6634074174 0.2241180955
vt 0.6701061472 0.1991180955
vt 0.6959880517 0.1542893219
vt 0.7142893219 0.1359880517
vt 0.7591180955 0.1101061472
vt 0.7841180955 0.1034074174
vt 0.8358819045 0.1034074174
vt 0.8608819045 0.1101061472
vt 0.9057106781 0.1359880517
vt 0.9240119483 0.1542893219
vt 0.9498938528 0.1991180955
vt 0.9565925826 0.2241180955
s 1
f 1249/1960 1250/2033 1286/2034 1285/1935
f 1250/2033 1251/2035 1287/2036 1286/2034
f 1251/2035 1252/1962 1288/1937 1287/2036
f 1252/1962 1253/2037 1289/2038 1288/1937
f 1253/2037 1254/2039 1290/2040 1289/2038
f 1254/2039 1255/1964 1291/1939 1290/2040
f 1255/1964 1256/2041 1292/2042 1291/1939
f 1256/2041 1257/2043 1293/2044 1292/2042
f 1257/2043 1258/1966 1294/1941 1293/2044
f 1258/1966 1259/2045 1295/2046 1294/1941
f 1259/2045 1260/2047 1296/2048 1295/2046
f 1260/2047 1261/1968 1297/1943 1296/2048
f 1261/1968 1262/2049 1298/2050 1297/1943
f 1262/2049 1263/2051 1299/2052 1298/2050
f 1263/2051 1264/1970 1300/1945 1299/2052
f 1264/1970 1265/2053 1301/2054 1300/1945
f 1265/2053 1266/2055 1302/2056 1301/2054
f 1266/2055 1267/1972 1303/1947 1302/2056
f 1267/1972 1268/2057 1304/2058 1303/1947
f 1268/2057 1269/2059 1305/2060 1304/2058
f 1269/2059 1270/1974 1306/1949 1305/2060
f 1270/1974 1271/2061 1307/2062 1306/1949
f 1271/2061 1272/2063 1308/2064 1307/2062
f 1272/2063 1273/1976 1309/1951 1308/2064
f 1273/1976 1274/2065 1310/2066 1309/1951
f 1274/2065 1275/2067 1311/2068 1310/2066
f 1275/2067 1276/1978 1312/1953 1311/2068
f 1276/1978 1277/2069 1313/2070 1312/1953
f 1277/2069 1278/2071 1314/2072 1313/2070
f 1278/2071 1279/1980 1315/1955 1314/2072
f 1279/1980 1280/2073 1316/2074 1315/1955
f 1280/2073 1281/2075 1317/2076 1316/2074
f 1281/2075 1282/1982 1318/1957 1317/2076
f 1282/1982 1283/2077 1319/2078 1318/1957
f 1283/2077 1284/2079 1320/2080 1319/2078
f 1284/2079 1249/1984 1285/1959 1320/2080
f 1285/1935 1286/2034 1322/2081 1321/1910
f 1286/2034 1287/2036 1323/2082 1322/2081
f 1287/2036 1288/1937 1324/1912 1323/2082
f 1288/1937 1289/2038 1325/2083 1324/1912
f 1289/2038 1290/2040 1326/2084 1325/2083
f 1290/2040 1291/1939 1327/1914 1326/2084
f 1291/1939 1292/2042 1328/2085 1327/1914
f 1292/2042 1293/2044 1329/2086 1328/2085
f 1293/2044 1294/1941 1330/1916 1329/2086
f 1294/1941 1295/2046 1331/2087 1330/1916
f 1295/2046 1296/2048 1332/2088 1331/2087
f 1296/2048 1297/1943 1333/1918 1332/2088
f 1297/1943 1298/2050 1334/2089 1333/1918
f 1298/2050 1299/2052 1335/2090 1334/2089
f 1299/2052 1300/1945 1336/1920 1335/2090
f 1300/1945 1301/2054 1337/2091 1336/1920
f 1301/2054 1302/2056 1338/2092 1337/2091
f 1302/2056 1303/1947 1339/1922 1338/2092
f 1303/1947 1304/2058 1340/2093 1339/1922
f 1304/2058 1305/2060 1341/2094 1340/2093
f 1305/2060 1306/1949 1342/1924 1341/2094
f 1306/1949 1307/2062 1343/2095 1342/1924
f 1307/2062 1308/2064 1344/2096 1343/2095
f 1308/2064 1309/1951 1345/1926 1344/2096
f 1309/1951 1310/2066 1346/2097 1345/1926
f 1310/2066 1311/2068 1347/2098 1346/2097
f 1311/2068 1312/1953 1348/1928 1347/2098
f 1312/1953 1313/2070 1349/2099 1348/1928
f 1313/2070 1314/2072 1350/2100 1349/2099
f 1314/2072 1315/1955 1351/1930 1350/2100
f 1315/1955 1316/2074 1352/2101 1351/1930
f 1316/2074 1317/2076 1353/2102 1352/2101
f 1317/2076 1318/1957 1354/1932 1353/2102
f 1318/1957 1319/2078 1355/2103 1354/1932
f 1319/2078 1320/2080 1356/2104 1355/2103
f 1320/2080 1285/1959 1321/1934 1356/2104
f 1321/1910 1322/2081 1358/2105 1357/1885
f 1322/2081 1323/2082 1359/2106 1358/2105
f 1323/2082 1324/1912 1360/1887 1359/2106
f 1324/1912 1325/2083 1361/2107 1360/1887
f 1325/2083 1326/2084 1362/2108 1361/2107
f 1326/2084 1327/1914 1363/1889 1362/2108
f 1327/1914 1328/2085 1364/2109 1363/1889
f 1328/2085 1329/2086 1365/2110 1364/2109
f 1329/2086 1330/1916 1366/1891 1365/2110
f 1330/1916 1331/2087 1367/2111 1366/1891
f 1331/2087 1332/2088 1368/2112 1367/2111
f 1332/2088 1333/1918 1369/1893 1368/2112
f 1333/1918 1334/2089 1370/2113 1369/1893
f 1334/2089 1335/2090 1371/2114 1370/2113
f 1335/2090 1336/1920 1372/1895 1371/2114
f 1336/1920 1337/2091 1373/2115 1372/1895
f 1337/2091 1338/2092 1374/2116 1373/2115
f 1338/2092 1339/1922 1375/1897 1374/2116
f 1339/1922 1340/2093 1376/2117 1375/1897
f 1340/2093 1341/2094 1377/2118 1376/2117
f 1341/2094 1342/1924 1378/1899 1377/2118
f 1342/1924 1343/2095 1379/2119 1378/1899
f 1343/2095 1344/2096 1380/2120 1379/2119
f 1344/2096 1345/1926 1381/1901 1380/2120
f 1345/1926 1346/2097 1382/2121 1381/1901
f 1346/2097 1347/2098 1383/2122 1382/2121
f 1347/2098 1348/1928 1384/1903 1383/2122
f 1348/1928 1349/2099 1385/2123 1384/1903
f 1349/2099 1350/2100 1386/2124 1385/2123
f 1350/2100 1351/1930 1387/1905 1386/2124
f 1351/1930 1352/2101 1388/2125 1387/1905
f 1352/2101 1353/2102 1389/2126 1388/2125
f 1353/2102 1354/1932 1390/1907 1389/2126
f 1354/1932 1355/2103 1391/2127 1390/1907
f 1355/2103 1356/2104 1392/2128 1391/2127
f 1356/2104 1321/1934 1357/1909 1392/2128
f 1357/1885 1358/2105 1394/2129 1393/1860
f 1358/2105 1359/2106 1395/2130 1394/2129
f 1359/2106 1360/1887 1396/1862 1395/2130
f 1360/1887 1361/2107 1397/2131 1396/1862
f 1361/2107 1362/2108 1398/2132 1397/2131
f 1362/2108 1363/1889 1399/1864 1398/2132
f 1363/1889 1364/2109 1400/2133 1399/1864
f 1364/2109 1365/2110 1401/2134 1400/2133
f 1365/2110 1366/1891 1402/1866 1401/2134
f 1366/1891 1367/2111 1403/2135 1402/1866
f 1367/2111 1368/2112 1404/2136 1403/2135
f 1368/2112 1369/1893 1405/1868 1404/2136
f 1369/1893 1370/2113 1406/2137 1405/1868
f 1370/2113 1371/2114 1407/2138 1406/2137
f 1371/2114 1372/1895 1408/1870 1407/2138
f 1372/1895 1373/2115 1409/2139 1408/1870
f 1373/2115 1374/2116 1410/2140 1409/2139
f 1374/2116 1375/1897 1411/1872 1410/2140
f 1375/1897 1376/2117 1412/2141 1411/1872
f 1376/2117 1377/2118 1413/2142 1412/2141
f 1377/2118 1378/1899 1414/1874 1413/2142
f 1378/1899 1379/2119 1415/2143 1414/1874
f 1379/2119 1380/2120 1416/2144 1415/2143
f 1380/2120 1381/1901 1417/1876 1416/2144
f 1381/1901 1382/2121 1418/2145 1417/1876
f 1382/2121 1383/2122 1419/2146 1418/2145
f 1383/2122 1384/1903 1420/1878 1419/2146
f 1384/1903 1385/2123 1421/2147 1420/1878
f 1385/2123 1386/2124 1422/2148 1421/2147
f 1386/2124 1387/1905 1423/1880 1422/2148
f 1387/1905 1388/2125 1424/2149 1423/1880
f 1388/2125 1389/2126 1425/2150 1424/2149
f 1389/2126 1390/1907 1426/1882 1425/2150
f 1390/1907 1391/2127 1427/2151 1426/1882
f 1391/2127 1392/2128 1428/2152 1427/2151
f 1392/2128 1357/1909 1393/1884 1428/2152
f 1393/1860 1394/2129 1430/2153 1429/1835
f 1394/2129 1395/2130 1431/2154 1430/2153
f 1395/2130 1396/1862 1432/1837 1431/2154
f 1396/1862 1397/2131 1433/2155 1432/1837
f 1397/2131 1398/2132 1434/2156 1433/2155
f 1398/2132 1399/1864 1435/1839 1434/2156
f 1399/1864 1400/2133 1436/2157 1435/1839
f 1400/2133 1401/2134 1437/2158 1436/2157
f 1401/2134 1402/1866 1438/1841 1437/2158
f 1402/1866 1403/2135 1439/2159 1438/1841
f 1403/2135 1404/2136 1440/2160 1439/2159
f 1404/2136 1405/1868 1441/1843 1440/2160
f 1405/1868 1406/2137 1442/2161 1441/1843
f 1406/2137 1407/2138 1443/2162 1442/2161
f 1407/2138 1408/1870 1444/1845 1443/2162
f 1408/1870 1409/2139 1445/2163 1444/1845
f 1409/2139 1410/2140 1446/2164 1445/2163
f 1410/2140 1411/1872 1447/1847 1446/2164
f 1411/1872 1412/2141 1448/2165 1447/1847
f 1412/2141 1413/2142 1449/2166 1448/2165
f 1413/2142 1414/1874 1450/1849 1449/2166
f 1414/1874 1415/2143 1451/2167 1450/1849
f 1415/2143 1416/2144 1452/2168 1451/2167
f 1416/2144 1417/1876 1453/1851 1452/2168
f 1417/1876 1418/2145 1454/2169 1453/1851
f 1418/2145 1419/2146 1455/2170 1454/2169
f 1419/2146 1420/1878 1456/1853 1455/2170
f 1420/1878 1421/2147 1457/2171 1456/1853
f 1421/2147 1422/2148 1458/2172 1457/2171
f 1422/2148 1423/1880 1459/1855 1458/2172
f 1423/1880 1424/2149 1460/2173 1459/1855
f 1424/2149 1425/2150 1461/2174 1460/2173
f 1425/2150 1426/1882 1462/1857 1461/2174
f 1426/1882 1427/2151 1463/2175 1462/1857
f 1427/2151 1428/2152 1464/2176 1463/2175
f 1428/2152 1393/1884 1429/1859 1464/2176
f 1429/1835 1430/2153 1466/2177 1465/1810
f 1430/2153 1431/2154 1467/2178 1466/2177
f 1431/2154 1432/1837 1468/1812 1467/2178
f 1432/1837 1433/2155 1469/2179 1468/1812
f 1433/2155 1434/2156 1470/2180 1469/2179
f 1434/2156 1435/1839 1471/1814 1470/2180
f 1435/1839 1436/2157 1472/2181 1471/1814
f 1436/2157 1437/2158 1473/2182 1472/2181
f 1437/2158 1438/1841 1474/1816 1473/2182
f 1438/1841 1439/2159 1475/2183 1474/1816
f 1439/2159 1440/2160 1476/2184 1475/2183
f 1440/2160 1441/1843 1477/1818 1476/2184
f 1441/1843 1442/2161 1478/2185 1477/1818
f 1442/2161 1443/2162 1479/2186 1478/2185
f 1443/2162 1444/1845 1480/1820 1479/2186
f 1444/1845 1445/2163 1481/2187 1480/1820
f 1445/2163 1446/2164 1482/2188 1481/2187
f 1446/2164 1447/1847 1483/1822 1482/2188
f 1447/1847 1448/2165 1484/2189 1483/1822
f 1448/2165 1449/2166 1485/2190 1484/2189
f 1449/2166 1450/1849 1486/1824 1485/2190
f 1450/1849 1451/2167 1487/2191 1486/1824
f 1451/2167 1452/2168 1488/2192 1487/2191
f 1452/2168 1453/1851 1489/1826 1488/2192
f 1453/1851 1454/2169 1490/2193 1489/1826
f 1454/2169 1455/2170 1491/2194 1490/2193
f 1455/2170 1456/1853 1492/1828 1491/2194
f 1456/1853 1457/2171 1493/2195 1492/1828
f 1457/2171 1458/2172 1494/2196 1493/2195
f 1458/2172 1459/1855 1495/1830 1494/2196
f 1459/1855 1460/2173 1496/2197 1495/1830
f 1460/2173 1461/2174 1497/2198 1496/2197
f 1461/2174 1462/1857 1498/1832 1497/2198
f 1462/1857 1463/2175 1499/2199 1498/1832
f 1463/2175 1464/2176 1500/2200 1499/2199
f 1464/2176 1429/1859 1465/1834 1500/2200
f 1465/1810 1466/2177 1502/2201 1501/1785
f 1466/2177 1467/2178 1503/2202 1502/2201
f 1467/2178 1468/1812 1504/1787 1503/2202
f 1468/1812 1469/2179 1505/2203 1504/1787
f 1469/2179 1470/2180 1506/2204 1505/2203
f 1470/2180 1471/1814 1507/1789 1506/2204
f 1471/1814 1472/2181 1508/2205 1507/1789
f 1472/2181 1473/2182 1509/2206 1508/2205
f 1473/2182 1474/1816 1510/1791 1509/2206
f 1474/1816 1475/2183 1511/2207 1510/1791
f 1475/2183 1476/2184 1512/2208 1511/2207
f 1476/2184 1477/1818 1513/1793 1512/2208
f 1477/1818 1478/2185 1514/2209 1513/1793
f 1478/2185 1479/2186 1515/2210 1514/2209
f 1479/2186 1480/1820 1516/1795 1515/2210
f 1480/1820 1481/2187 1517/2211 1516/1795
f 1481/2187 1482/2188 1518/2212 1517/2211
f 1482/2188 1483/1822 1519/1797 1518/2212
f 1483/1822 1484/2189 1520/2213 1519/1797
f 1484/2189 1485/2190 1521/2214 1520/2213
f 1485/2190 1486/1824 1522/1799 1521/2214
f 1486/1824 1487/2191 1523/2215 1522/1799
f 1487/2191 1488/2192 1524/2216 1523/2215
f 1488/2192 1489/1826 1525/1801 1524/2216
f 1489/1826 1490/2193 1526/2217 1525/1801
f 1490/2193 1491/2194 1527/2218 1526/2217
f 1491/2194 1492/1828 1528/1803 1527/2218
f 1492/1828 1493/2195 1529/2219 1528/1803
f 1493/2195 1494/2196 1530/2220 1529/2219
f 1494/2196 1495/1830 1531/1805 1530/2220
f 1495/1830 1496/2197 1532/2221 1531/1805
f 1496/2197 1497/2198 1533/2222 1532/2221
f 1497/2198 1498/1832 1534/1807 1533/2222
f 1498/1832 1499/2199 1535/2223 1534/1807
f 1499/2199 1500/2200 1536/2224 1535/2223
f 1500/2200 1465/1834 1501/1809 1536/2224
f 1501/1785 1502/2201 1538/2225 1537/1760
f 1502/2201 1503/2202 1539/2226 1538/2225
f 1503/2202 1504/1787 1540/1762 1539/2226
f 1504/1787 1505/2203 1541/2227 1540/1762
f 1505/2203 1506/2204 1542/2228 1541/2227
f 1506/2204 1507/1789 1543/1764 1542/2228
f 1507/1789 1508/2205 1544/2229 1543/1764
f 1508/2205 1509/2206 1545/2230 1544/2229
f 1509/2206 1510/1791 1546/1766 1545/2230
f 1510/1791 1511/2207 1547/2231 1546/1766
f 1511/2207 1512/2208 1548/2232 1547/2231
f 1512/2208 1513/1793 1549/1768 1548/2232
f 1513/1793 1514/2209 1550/2233 1549/1768
f 1514/2209 1515/2210 1551/2234 1550/2233
f 1515/2210 1516/1795 1552/1770 1551/2234
f 1516/1795 1517/2211 1553/2235 1552/1770
f 1517/2211 1518/2212 1554/2236 1553/2235
f 1518/2212 1519/1797 1555/1772 1554/2236
f 1519/1797 1520/2213 1556/2237 1555/1772
f 1520/2213 1521/2214 1557/2238 1556/2237
f 1521/2214 1522/1799 1558/1774 1557/2238
f 1522/1799 1523/2215 1559/2239 1558/1774
f 1523/2215 1524/2216 1560/2240 1559/2239
f 1524/2216 1525/1801 1561/1776 1560/2240
f 1525/1801 1526/2217 1562/2241 1561/1776
f 1526/2217 1527/2218 1563/2242 1562/2241
f 1527/2218 1528/1803 1564/1778 1563/2242
f 1528/1803 1529/2219 1565/2243 1564/1778
f 1529/2219 1530/2220 1566/2244 1565/2243
f 1530/2220 1531/1805 1567/1780 1566/2244
f 1531/1805 1532/2221 1568/2245 1567/1780
f 1532/2221 1533/2222 1569/2246 1568/2245
f 1533/2222 1534/1807 1570/1782 1569/2246
f 1534/1807 1535/2223 1571/2247 1570/1782
f 1535/2223 1536/2224 1572/2248 1571/2247
f 1536/2224 1501/1809 1537/1784 1572/2248
f 1537/1760 1538/2225 1574/2249 1573/1735
f 1538/2225 1539/2226 1575/2250 1574/2249
f 1539/2226 1540/1762 1576/1737 1575/2250
f 1540/1762 1541/2227 1577/2251 1576/1737
f 1541/2227 1542/2228 1578/2252 1577/2251
f 1542/2228 1543/1764 1579/1739 1578/2252
f 1543/1764 1544/2229 1580/2253 1579/1739
f 1544/2229 1545/2230 1581/2254 1580/2253
f 1545/2230 1546/1766 1582/1741 1581/2254
f 1546/1766 1547/2231 1583/2255 1582/1741
f 1547/2231 1548/2232 1584/2256 1583/2255
f 1548/2232 1549/1768 1585/1743 1584/2256
f 1549/1768 1550/2233 1586/2257 1585/1743
f 1550/2233 1551/2234 1587/2258 1586/2257
f 1551/2234 1552/1770 1588/1745 1587/2258
f 1552/1770 1553/2235 1589/2259 1588/1745
f 1553/2235 1554/2236 1590/2260 1589/2259
f 1554/2236 1555/1772 1591/1747 1590/2260
f 1555/1772 1556/2237 1592/2261 1591/1747
f 1556/2237 1557/2238 1593/2262 1592/2261
f 1557/2238 1558/1774 1594/1749 1593/2262
f 1558/1774 1559/2239 1595/2263 1594/1749
f 1559/2239 1560/2240 1596/2264 1595/2263
f 1560/2240 1561/1776 1597/1751 1596/2264
f 1561/1776 1562/2241 1598/2265 1597/1751
f 1562/2241 1563/2242 1599/2266 1598/2265
f 1563/2242 1564/1778 1600/1753 1599/2266
f 1564/1778 1565/2243 1601/2267 1600/1753
f 1565/2243 1566/2244 1602/2268 1601/2267
f 1566/2244 1567/1780 1603/1755 1602/2268
f 1567/1780 1568/2245 1604/2269 1603/1755
f 1568/2245 1569/2246 1605/2270 1604/2269
f 1569/2246 1570/1782 1606/1757 1605/2270
f 1570/1782 1571/2247 1607/2271 1606/1757
f 1571/2247 1572/2248 1608/2272 1607/2271
f 1572/2248 1537/1784 1573/1759 1608/2272
f 1573/1735 1574/2249 1610/2273 1609/1710
f 1574/2249 1575/2250 1611/2274 1610/2273
f 1575/2250 1576/1737 1612/1712 1611/2274
f 1576/1737 1577/2251 1613/2275 1612/1712
f 1577/2251 1578/2252 1614/2276 1613/2275
f 1578/2252 1579/1739 1615/1714 1614/2276
f 1579/1739 1580/2253 1616/2277 1615/1714
f 1580/2253 1581/2254 1617/2278 1616/2277
f 1581/2254 1582/1741 1618/1716 1617/2278
f 1582/1741 1583/2255 1619/2279 1618/1716
f 1583/2255 1584/2256 1620/2280 1619/2279
f 1584/2256 1585/1743 1621/1718 1620/2280
f 1585/1743 1586/2257 1622/2281 1621/1718
f 1586/2257 1587/2258 1623/2282 1622/2281
f 1587/2258 1588/1745 1624/1720 1623/2282
f 1588/1745 1589/2259 1625/2283 1624/1720
f 1589/2259 1590/2260 1626/2284 1625/2283
f 1590/2260 1591/1747 1627/1722 1626/2284
f 1591/1747 1592/2261 1628/2285 1627/1722
f 1592/2261 1593/2262 1629/2286 1628/2285
f 1593/2262 1594/1749 1630/1724 1629/2286
f 1594/1749 1595/2263 1631/2287 1630/1724
f 1595/2263 1596/2264 1632/2288 1631/2287
f 1596/2264 1597/1751 1633/1726 1632/2288
f 1597/1751 1598/2265 1634/2289 1633/1726
f 1598/2265 1599/2266 1635/2290 1634/2289
f 1599/2266 1600/1753 1636/1728 1635/2290
f 1600/1753 1601/2267 1637/2291 1636/1728
f 1601/2267 1602/2268 1638/2292 1637/2291
f 1602/2268 1603/1755 1639/1730 1638/2292
f 1603/1755 1604/2269 1640/2293 1639/1730
f 1604/2269 1605/2270 1641/2294 1640/2293
f 1605/2270 1606/1757 1642/1732 1641/2294
f 1606/1757 1607/2271 1643/2295 1642/1732
f 1607/2271 1608/2272 1644/2296 1643/2295
f 1608/2272 1573/1759 1609/1734 1644/2296
f 1609/1710 1610/2273 1646/2297 1645/1685
f 1610/2273 1611/2274 1647/2298 1646/2297
f 1611/2274 1612/1712 1648/1687 1647/2298
f 1612/1712 1613/2275 1649/2299 1648/1687
f 1613/2275 1614/2276 1650/2300 1649/2299
f 1614/2276 1615/1714 1651/1689 1650/2300
f 1615/1714 1616/2277 1652/2301 1651/1689
f 1616/2277 1617/2278 1653/2302 1652/2301
f 1617/2278 1618/1716 1654/1691 1653/2302
f 1618/1716 1619/2279 1655/2303 1654/1691
f 1619/2279 1620/2280 1656/2304 1655/2303
f 1620/2280 1621/1718 1657/1693 1656/2304
f 1621/1718 1622/2281 1658/2305 1657/1693
f 1622/2281 1623/2282 1659/2306 1658/2305
f 1623/2282 1624/1720 1660/1695 1659/2306
f 1624/1720 1625/2283 1661/2307 1660/1695
f 1625/2283 1626/2284 1662/2308 1661/2307
f 1626/2284 1627/1722 1663/1697 1662/2308
f 1627/1722 1628/2285 1664/2309 1663/1697
f 1628/2285 1629/2286 1665/2310 1664/2309
f 1629/2286 1630/1724 1666/1699 1665/2310
f 1630/1724 1631/2287 1667/2311 1666/1699
f 1631/2287 1632/2288 1668/2312 1667/2311
f 1632/2288 1633/1726 1669/1701 1668/2312
f 1633/1726 1634/2289 1670/2313 1669/1701
f 1634/2289 1635/2290 1671/2314 1670/2313
f 1635/2290 1636/1728 1672/1703 1671/2314
f 1636/1728 1637/2291 1673/2315 1672/1703
f 1637/2291 1638/2292 1674/2316 1673/2315
f 1638/2292 1639/1730 1675/1705 1674/2316
f 1639/1730 1640/2293 1676/2317 1675/1705
f 1640/2293 1641/2294 1677/2318 1676/2317
f 1641/2294 1642/1732 1678/1707 1677/2318
f 1642/1732 1643/2295 1679/2319 1678/1707
f 1643/2295 1644/2296 1680/2320 1679/2319
f 1644/2296 1609/1734 1645/1709 1680/2320
f 1645/1685 1646/2297 1682/2321 1681/1660
f 1646/2297 1647/2298 1683/2322 1682/2321
f 1647/2298 1648/1687 1684/1662 1683/2322
f 1648/1687 1649/2299 1685/2323 1684/1662
f 1649/2299 1650/2300 1686/2324 1685/2323
f 1650/2300 1651/1689 1687/1664 1686/2324
f 1651/1689 1652/2301 1688/2325 1687/1664
f 1652/2301 1653/2302 1689/2326 1688/2325
f 1653/2302 1654/1691 1690/1666 1689/2326
f 1654/1691 1655/2303 1691/2327 1690/1666
f 1655/2303 1656/2304 1692/2328 1691/2327
f 1656/2304 1657/1693 1693/1668 1692/2328
f 1657/1693 1658/2305 1694/2329 1693/1668
f 1658/2305 1659/2306 1695/2330 1694/2329
f 1659/2306 1660/1695 1696/1670 1695/2330
f 1660/1695 1661/2307 1697/2331 1696/1670
f 1661/2307 1662/2308 1698/2332 1697/2331
f 1662/2308 1663/1697 1699/1672 1698/2332
f 1663/1697 1664/2309 1700/2333 1699/1672
f 1664/2309 1665/2310 1701/2334 1700/2333
f 1665/2310 1666/1699 1702/1674 1701/2334
f 1666/1699 1667/2311 1703/2335 1702/1674
f 1667/2311 1668/2312 1704/2336 1703/2335
f 1668/2312 1669/1701 1705/1676 1704/2336
f 1669/1701 1670/2313 1706/2337 1705/1676
f 1670/2313 1671/2314 1707/2338 1706/2337
f 1671/2314 1672/1703 1708/1678 1707/2338
f 1672/1703 1673/2315 1709/2339 1708/1678
f 1673/2315 1674/2316 1710/2340 1709/2339
f 1674/2316 1675/1705 1711/1680 1710/2340
f 1675/1705 1676/2317 1712/2341 1711/1680
f 1676/2317 1677/2318 1713/2342 1712/2341
f 1677/2318 1678/1707 1714/1682 1713/2342
f 1678/1707 1679/2319 1715/2343 1714/1682
f 1679/2319 1680/2320 1716/2344 1715/2343
f 1680/2320 1645/1709 1681/1684 1716/2344
s off
f 1284/2368 1283/2367 1282/2031 1281/2366 1280/2365 1279/2029 1278/2364 1277/2363 1276/2027 1275/2362 1274/2361 1273/2025 1272/2360 1271/2359 1270/2023 1269/2358 1268/2357 1267/2021 1266/2356 1265/2355 1264/2019 1263/2354 1262/2353 1261/2017 1260/2352 1259/2351 1258/2015 1257/2350 1256/2349 1255/2013 1254/2348 1253/2347 1252/2011 1251/2346 1250/2345 1249/2009
s off
f 1681/1985 1682/2369 1683/2370 1684/1987 1685/2371 1686/2372 1687/1989 1688/2373 1689/2374 1690/1991 1691/2375 1692/2376 1693/1993 1694/2377 1695/2378 1696/1995 1697/2379 1698/2380 1699/1997 1700/2381 1701/2382 1702/1999 1703/2383 1704/2384 1705/2001 1706/2385 1707/2386 1708/2003 1709/2387 1710/2388 1711/2005 1712/2389 1713/2390 1714/2007 1715/2391 1716/2392
